-- phpMyAdmin SQL Dump
-- version 2.11.4
-- http://www.phpmyadmin.net
--
-- Host: localhost
-- Generation Time: Feb 11, 2014 at 01:37 PM
-- Server version: 5.1.57
-- PHP Version: 5.2.17

SET SQL_MODE="NO_AUTO_VALUE_ON_ZERO";

--
-- Database: `a8200513_rankdb`
--

-- --------------------------------------------------------

--
-- Table structure for table `admins`
--

CREATE TABLE `admins` (
  `adminID` int(11) NOT NULL AUTO_INCREMENT,
  `name` varchar(50) COLLATE latin1_general_ci NOT NULL,
  `password` varchar(128) COLLATE latin1_general_ci NOT NULL,
  PRIMARY KEY (`adminID`)
) ENGINE=MyISAM  DEFAULT CHARSET=latin1 COLLATE=latin1_general_ci AUTO_INCREMENT=3 ;

--
-- Dumping data for table `admins`
--

INSERT INTO `admins` VALUES(2, 'godmode', 'bae3cccabb665073098845a6500ebc1c1712bb31ec74fa2a3f16b3a5c55c066de84d994034bb2cf9fc96ffcc79bfbd04c1a035348da94e975c542fe33dd7d4eb');

-- --------------------------------------------------------

--
-- Table structure for table `matches`
--

CREATE TABLE `matches` (
  `matchID` int(11) NOT NULL AUTO_INCREMENT,
  `timeCreated` timestamp NOT NULL DEFAULT CURRENT_TIMESTAMP,
  `winnerID` int(11) NOT NULL,
  `loserID` int(11) NOT NULL,
  `winScore` int(3) NOT NULL,
  `lossScore` int(3) NOT NULL,
  `team` tinyint(1) NOT NULL,
  `points` double(11,2) DEFAULT NULL,
  PRIMARY KEY (`matchID`)
) ENGINE=MyISAM  DEFAULT CHARSET=latin1 COLLATE=latin1_general_ci AUTO_INCREMENT=961 ;

--
-- Dumping data for table `matches`
--

INSERT INTO `matches` VALUES(106, '2011-09-29 08:50:40', 43, 44, 10, 5, 0, 6.72);
INSERT INTO `matches` VALUES(105, '2011-09-29 08:50:30', 43, 44, 10, 7, 0, 7.09);
INSERT INTO `matches` VALUES(104, '2011-09-29 08:25:01', 1, 2, 17, 15, 0, 10.25);
INSERT INTO `matches` VALUES(103, '2011-09-29 07:27:34', 39, 38, 10, 9, 0, 10.00);
INSERT INTO `matches` VALUES(102, '2011-09-29 06:24:28', 46, 47, 10, 5, 1, 10.00);
INSERT INTO `matches` VALUES(101, '2011-09-29 06:07:19', 44, 45, 10, 8, 1, 10.00);
INSERT INTO `matches` VALUES(100, '2011-09-29 05:12:03', 45, 48, 10, 7, 0, 9.52);
INSERT INTO `matches` VALUES(99, '2011-09-29 04:54:26', 39, 32, 10, 6, 1, 10.67);
INSERT INTO `matches` VALUES(98, '2011-09-28 10:37:30', 7, 5, 10, 8, 0, 9.55);
INSERT INTO `matches` VALUES(97, '2011-09-28 10:29:47', 7, 5, 10, 7, 0, 10.13);
INSERT INTO `matches` VALUES(96, '2011-09-28 10:29:34', 5, 7, 10, 7, 0, 10.47);
INSERT INTO `matches` VALUES(95, '2011-09-28 10:11:54', 47, 46, 10, 4, 0, 7.89);
INSERT INTO `matches` VALUES(93, '2011-09-28 09:28:32', 47, 46, 10, 8, 0, 8.86);
INSERT INTO `matches` VALUES(92, '2011-09-28 08:50:06', 5, 7, 10, 9, 0, 11.11);
INSERT INTO `matches` VALUES(94, '2011-09-28 10:11:42', 47, 46, 10, 7, 0, 8.36);
INSERT INTO `matches` VALUES(90, '2011-09-28 08:39:29', 48, 45, 10, 9, 0, 11.11);
INSERT INTO `matches` VALUES(89, '2011-09-28 07:38:19', 45, 48, 10, 9, 0, 9.42);
INSERT INTO `matches` VALUES(88, '2011-09-28 06:38:19', 34, 41, 10, 3, 1, 10.01);
INSERT INTO `matches` VALUES(87, '2011-09-28 06:32:28', 2, 3, 8, 6, 0, 10.02);
INSERT INTO `matches` VALUES(86, '2011-09-27 11:08:46', 47, 46, 10, 9, 0, 9.39);
INSERT INTO `matches` VALUES(85, '2011-09-27 10:51:37', 47, 46, 10, 6, 0, 9.97);
INSERT INTO `matches` VALUES(84, '2011-09-27 08:54:44', 43, 44, 10, 8, 0, 7.49);
INSERT INTO `matches` VALUES(83, '2011-09-27 08:41:20', 43, 44, 10, 8, 0, 7.92);
INSERT INTO `matches` VALUES(82, '2011-09-27 08:35:35', 47, 46, 10, 5, 0, 10.58);
INSERT INTO `matches` VALUES(81, '2011-09-27 06:16:10', 45, 48, 10, 2, 0, 10.00);
INSERT INTO `matches` VALUES(80, '2011-09-27 04:57:53', 43, 44, 10, 5, 0, 8.38);
INSERT INTO `matches` VALUES(79, '2011-09-26 10:58:17', 1, 2, 10, 8, 0, 10.58);
INSERT INTO `matches` VALUES(78, '2011-09-26 10:21:10', 2, 1, 10, 2, 0, 10.00);
INSERT INTO `matches` VALUES(76, '2011-09-26 09:30:13', 32, 33, 10, 5, 1, 8.59);
INSERT INTO `matches` VALUES(75, '2011-09-26 09:22:51', 33, 32, 10, 5, 1, 12.08);
INSERT INTO `matches` VALUES(74, '2011-09-26 09:13:06', 32, 33, 10, 2, 1, 8.38);
INSERT INTO `matches` VALUES(73, '2011-09-26 09:03:22', 32, 33, 10, 2, 1, 8.89);
INSERT INTO `matches` VALUES(72, '2011-09-26 08:57:05', 32, 33, 10, 2, 1, 9.42);
INSERT INTO `matches` VALUES(71, '2011-09-26 08:49:04', 43, 44, 10, 5, 0, 8.89);
INSERT INTO `matches` VALUES(70, '2011-09-26 08:48:51', 43, 44, 10, 6, 0, 9.42);
INSERT INTO `matches` VALUES(69, '2011-09-26 08:36:27', 6, 5, 10, 8, 0, 9.15);
INSERT INTO `matches` VALUES(68, '2011-09-26 08:36:05', 6, 8, 10, 3, 0, 9.71);
INSERT INTO `matches` VALUES(67, '2011-09-26 08:35:48', 6, 5, 10, 3, 0, 10.00);
INSERT INTO `matches` VALUES(66, '2011-09-26 08:32:18', 7, 42, 10, 8, 0, 9.42);
INSERT INTO `matches` VALUES(65, '2011-09-26 08:31:54', 7, 42, 10, 7, 0, 10.00);
INSERT INTO `matches` VALUES(64, '2011-09-26 08:17:01', 46, 47, 10, 8, 0, 10.00);
INSERT INTO `matches` VALUES(63, '2011-09-26 07:10:09', 39, 40, 7, 3, 1, 10.00);
INSERT INTO `matches` VALUES(62, '2011-09-26 06:16:47', 38, 34, 10, 4, 1, 10.29);
INSERT INTO `matches` VALUES(61, '2011-09-26 06:08:15', 36, 37, 10, 8, 1, 10.00);
INSERT INTO `matches` VALUES(60, '2011-09-26 05:24:10', 34, 35, 10, 9, 1, 10.00);
INSERT INTO `matches` VALUES(59, '2011-09-26 05:23:12', 32, 33, 10, 4, 1, 10.00);
INSERT INTO `matches` VALUES(58, '2011-09-26 04:09:52', 43, 44, 10, 6, 0, 10.00);
INSERT INTO `matches` VALUES(107, '2011-09-29 09:12:35', 48, 49, 10, 5, 1, 10.00);
INSERT INTO `matches` VALUES(108, '2011-09-29 10:49:41', 2, 7, 10, 7, 0, 10.53);
INSERT INTO `matches` VALUES(109, '2011-09-29 10:49:53', 2, 7, 10, 3, 0, 9.92);
INSERT INTO `matches` VALUES(110, '2011-09-29 10:53:31', 50, 51, 10, 8, 1, 10.00);
INSERT INTO `matches` VALUES(111, '2011-09-30 04:22:54', 52, 53, 10, 5, 1, 10.00);
INSERT INTO `matches` VALUES(112, '2011-09-30 04:23:19', 52, 53, 10, 6, 1, 9.42);
INSERT INTO `matches` VALUES(113, '2011-09-30 04:23:51', 53, 52, 10, 4, 1, 11.11);
INSERT INTO `matches` VALUES(114, '2011-09-30 04:55:01', 48, 45, 10, 9, 0, 11.02);
INSERT INTO `matches` VALUES(115, '2011-09-30 05:45:47', 34, 35, 10, 1, 1, 9.43);
INSERT INTO `matches` VALUES(116, '2011-09-30 05:46:18', 34, 35, 10, 9, 1, 8.89);
INSERT INTO `matches` VALUES(117, '2011-09-30 06:59:31', 54, 32, 10, 9, 1, 10.65);
INSERT INTO `matches` VALUES(118, '2011-09-30 09:08:33', 47, 46, 10, 4, 0, 7.46);
INSERT INTO `matches` VALUES(119, '2011-09-30 09:19:51', 47, 46, 10, 7, 0, 7.07);
INSERT INTO `matches` VALUES(120, '2011-09-30 09:39:38', 47, 46, 10, 6, 0, 6.70);
INSERT INTO `matches` VALUES(121, '2011-10-03 03:49:04', 45, 55, 7, 1, 1, 10.29);
INSERT INTO `matches` VALUES(122, '2011-10-03 04:35:22', 47, 46, 10, 9, 0, 6.36);
INSERT INTO `matches` VALUES(123, '2011-10-03 04:35:50', 56, 57, 10, 5, 1, 10.00);
INSERT INTO `matches` VALUES(124, '2011-10-03 05:30:48', 2, 1, 7, 5, 0, 9.75);
INSERT INTO `matches` VALUES(125, '2011-10-03 06:03:35', 43, 44, 10, 7, 0, 6.38);
INSERT INTO `matches` VALUES(126, '2011-10-03 06:57:12', 52, 58, 10, 8, 1, 9.76);
INSERT INTO `matches` VALUES(127, '2011-10-03 06:57:32', 52, 58, 10, 6, 1, 9.20);
INSERT INTO `matches` VALUES(128, '2011-10-03 06:57:50', 52, 58, 10, 8, 1, 8.68);
INSERT INTO `matches` VALUES(129, '2011-10-03 06:58:10', 52, 58, 10, 8, 1, 8.19);
INSERT INTO `matches` VALUES(130, '2011-10-03 06:59:05', 58, 52, 10, 9, 1, 12.26);
INSERT INTO `matches` VALUES(131, '2011-10-03 06:59:24', 58, 52, 10, 8, 1, 11.58);
INSERT INTO `matches` VALUES(132, '2011-10-03 07:00:16', 52, 58, 10, 8, 1, 9.07);
INSERT INTO `matches` VALUES(133, '2011-10-03 07:00:38', 52, 58, 10, 9, 1, 8.56);
INSERT INTO `matches` VALUES(134, '2011-10-04 03:58:59', 47, 46, 10, 6, 0, 6.05);
INSERT INTO `matches` VALUES(135, '2011-10-04 03:59:16', 47, 46, 10, 9, 0, 5.76);
INSERT INTO `matches` VALUES(136, '2011-10-04 04:22:37', 57, 56, 10, 9, 1, 10.58);
INSERT INTO `matches` VALUES(137, '2011-10-04 05:42:42', 44, 17, 10, 8, 0, 12.05);
INSERT INTO `matches` VALUES(138, '2011-10-04 06:52:03', 6, 5, 10, 8, 0, 8.68);
INSERT INTO `matches` VALUES(139, '2011-10-04 07:18:16', 4, 3, 7, 4, 0, 9.71);
INSERT INTO `matches` VALUES(140, '2011-10-04 08:41:13', 47, 46, 10, 5, 0, 5.49);
INSERT INTO `matches` VALUES(141, '2011-10-04 08:51:24', 47, 44, 10, 4, 0, 5.93);
INSERT INTO `matches` VALUES(142, '2011-10-04 09:02:30', 46, 44, 10, 4, 0, 10.68);
INSERT INTO `matches` VALUES(143, '2011-10-04 10:45:01', 40, 59, 10, 2, 1, 10.29);
INSERT INTO `matches` VALUES(144, '2011-10-04 10:45:48', 40, 43, 8, 6, 1, 9.99);
INSERT INTO `matches` VALUES(145, '2011-10-05 03:47:05', 61, 45, 10, 5, 1, 10.01);
INSERT INTO `matches` VALUES(146, '2011-10-05 08:05:37', 46, 47, 10, 9, 0, 14.65);
INSERT INTO `matches` VALUES(147, '2011-10-05 08:18:34', 47, 46, 10, 6, 0, 6.03);
INSERT INTO `matches` VALUES(148, '2011-10-05 10:42:14', 46, 47, 10, 6, 0, 14.26);
INSERT INTO `matches` VALUES(149, '2011-10-05 10:52:33', 47, 46, 10, 6, 0, 6.44);
INSERT INTO `matches` VALUES(150, '2011-10-05 11:01:47', 47, 46, 10, 4, 0, 6.12);
INSERT INTO `matches` VALUES(151, '2011-10-06 04:01:48', 61, 45, 9, 7, 1, 9.43);
INSERT INTO `matches` VALUES(152, '2011-10-06 08:20:54', 47, 46, 10, 6, 0, 5.83);
INSERT INTO `matches` VALUES(153, '2011-10-06 08:32:02', 46, 47, 10, 9, 0, 14.45);
INSERT INTO `matches` VALUES(154, '2011-10-06 08:47:45', 47, 46, 10, 5, 0, 6.24);
INSERT INTO `matches` VALUES(155, '2011-10-07 12:24:15', 57, 62, 10, 9, 1, 9.98);
INSERT INTO `matches` VALUES(156, '2011-10-07 12:24:39', 63, 57, 10, 8, 1, 10.30);
INSERT INTO `matches` VALUES(157, '2011-10-07 12:24:58', 57, 63, 10, 2, 1, 10.29);
INSERT INTO `matches` VALUES(158, '2011-10-07 12:25:20', 57, 63, 10, 8, 1, 9.70);
INSERT INTO `matches` VALUES(159, '2011-10-07 12:25:57', 45, 44, 10, 5, 0, 7.64);
INSERT INTO `matches` VALUES(160, '2011-10-07 12:26:19', 43, 45, 4, 3, 0, 8.35);
INSERT INTO `matches` VALUES(161, '2011-10-10 04:04:03', 1, 2, 8, 6, 0, 10.81);
INSERT INTO `matches` VALUES(162, '2011-10-10 04:44:09', 45, 48, 10, 4, 0, 9.63);
INSERT INTO `matches` VALUES(163, '2011-10-10 05:56:24', 1, 2, 7, 3, 0, 10.19);
INSERT INTO `matches` VALUES(164, '2011-10-10 10:38:47', 34, 45, 10, 7, 1, 8.65);
INSERT INTO `matches` VALUES(165, '2011-10-10 12:17:07', 43, 44, 10, 9, 0, 5.58);
INSERT INTO `matches` VALUES(166, '2011-10-11 03:24:19', 44, 43, 10, 9, 0, 14.68);
INSERT INTO `matches` VALUES(167, '2011-10-11 04:00:38', 45, 48, 10, 8, 0, 9.08);
INSERT INTO `matches` VALUES(168, '2011-10-11 04:55:51', 43, 44, 10, 8, 0, 6.01);
INSERT INTO `matches` VALUES(169, '2011-10-11 04:56:05', 43, 44, 10, 9, 0, 5.72);
INSERT INTO `matches` VALUES(170, '2011-10-11 08:19:23', 2, 1, 7, 3, 0, 10.39);
INSERT INTO `matches` VALUES(171, '2011-10-11 12:41:58', 45, 34, 10, 6, 1, 11.84);
INSERT INTO `matches` VALUES(172, '2011-10-11 12:42:20', 45, 34, 10, 5, 1, 11.17);
INSERT INTO `matches` VALUES(173, '2011-10-12 04:09:49', 34, 45, 10, 8, 1, 9.47);
INSERT INTO `matches` VALUES(174, '2011-10-12 04:15:25', 2, 1, 9, 7, 0, 9.80);
INSERT INTO `matches` VALUES(175, '2011-10-13 04:16:14', 2, 1, 8, 6, 0, 9.23);
INSERT INTO `matches` VALUES(176, '2011-10-13 06:23:56', 46, 47, 10, 6, 0, 14.06);
INSERT INTO `matches` VALUES(177, '2011-10-13 06:24:09', 47, 46, 10, 1, 0, 6.64);
INSERT INTO `matches` VALUES(178, '2011-10-13 06:24:24', 47, 46, 10, 4, 0, 6.30);
INSERT INTO `matches` VALUES(179, '2011-10-13 07:46:27', 45, 34, 13, 11, 1, 11.07);
INSERT INTO `matches` VALUES(180, '2011-10-13 08:16:02', 47, 46, 10, 7, 0, 5.99);
INSERT INTO `matches` VALUES(181, '2011-10-13 08:33:27', 45, 33, 10, 3, 1, 9.14);
INSERT INTO `matches` VALUES(182, '2011-10-13 15:09:18', 45, 48, 10, 7, 0, 8.56);
INSERT INTO `matches` VALUES(183, '2011-10-13 15:09:32', 45, 44, 10, 8, 0, 6.66);
INSERT INTO `matches` VALUES(184, '2011-10-18 04:59:24', 43, 44, 10, 5, 0, 5.30);
INSERT INTO `matches` VALUES(185, '2011-10-18 05:01:52', 64, 32, 10, 7, 1, 10.34);
INSERT INTO `matches` VALUES(186, '2011-10-19 05:28:51', 57, 56, 10, 5, 1, 9.40);
INSERT INTO `matches` VALUES(187, '2011-10-19 05:29:01', 57, 56, 10, 4, 1, 8.86);
INSERT INTO `matches` VALUES(188, '2011-10-19 05:29:11', 57, 56, 10, 9, 1, 8.36);
INSERT INTO `matches` VALUES(189, '2011-10-19 07:21:13', 2, 1, 7, 4, 0, 8.71);
INSERT INTO `matches` VALUES(190, '2011-10-20 09:45:21', 45, 61, 10, 5, 1, 10.39);
INSERT INTO `matches` VALUES(191, '2011-10-20 10:08:20', 1, 2, 7, 5, 0, 11.78);
INSERT INTO `matches` VALUES(192, '2011-10-21 11:06:11', 46, 57, 10, 6, 1, 11.06);
INSERT INTO `matches` VALUES(193, '2011-10-24 09:47:28', 45, 48, 10, 9, 0, 7.90);
INSERT INTO `matches` VALUES(194, '2011-10-25 06:14:17', 2, 3, 7, 2, 0, 8.44);
INSERT INTO `matches` VALUES(195, '2011-10-25 06:45:06', 54, 35, 10, 3, 1, 8.88);
INSERT INTO `matches` VALUES(196, '2011-10-25 10:16:32', 54, 35, 10, 9, 1, 8.38);
INSERT INTO `matches` VALUES(197, '2011-10-25 10:16:57', 54, 35, 10, 7, 1, 7.92);
INSERT INTO `matches` VALUES(198, '2011-10-26 06:13:56', 65, 66, 7, 4, 1, 10.00);
INSERT INTO `matches` VALUES(199, '2011-10-26 10:06:22', 54, 35, 10, 7, 1, 7.48);
INSERT INTO `matches` VALUES(200, '2011-10-26 10:21:40', 52, 54, 10, 8, 1, 10.15);
INSERT INTO `matches` VALUES(201, '2011-10-28 07:47:14', 46, 67, 10, 1, 1, 9.39);
INSERT INTO `matches` VALUES(202, '2011-10-28 08:00:12', 46, 47, 10, 8, 1, 8.84);
INSERT INTO `matches` VALUES(203, '2011-10-31 08:57:27', 47, 46, 10, 6, 0, 5.71);
INSERT INTO `matches` VALUES(204, '2011-10-31 08:57:41', 47, 46, 10, 8, 0, 5.44);
INSERT INTO `matches` VALUES(205, '2011-10-31 08:57:56', 47, 46, 10, 8, 0, 5.20);
INSERT INTO `matches` VALUES(206, '2011-10-31 10:49:08', 54, 52, 13, 11, 1, 10.43);
INSERT INTO `matches` VALUES(207, '2011-10-31 10:50:07', 58, 68, 10, 8, 1, 10.85);
INSERT INTO `matches` VALUES(208, '2011-10-31 10:50:28', 68, 58, 10, 4, 1, 9.77);
INSERT INTO `matches` VALUES(209, '2011-10-31 10:50:52', 68, 58, 10, 8, 1, 9.21);
INSERT INTO `matches` VALUES(210, '2011-10-31 10:52:07', 52, 58, 12, 10, 1, 7.86);
INSERT INTO `matches` VALUES(211, '2011-10-31 10:52:37', 58, 52, 10, 4, 1, 12.56);
INSERT INTO `matches` VALUES(212, '2011-10-31 10:53:11', 52, 58, 10, 7, 1, 8.12);
INSERT INTO `matches` VALUES(213, '2011-11-01 07:30:25', 52, 69, 10, 7, 1, 8.82);
INSERT INTO `matches` VALUES(214, '2011-11-01 07:30:50', 52, 69, 10, 7, 1, 8.33);
INSERT INTO `matches` VALUES(215, '2011-11-01 07:31:03', 52, 69, 10, 6, 1, 7.86);
INSERT INTO `matches` VALUES(216, '2011-11-01 10:38:44', 48, 70, 7, 1, 1, 9.71);
INSERT INTO `matches` VALUES(217, '2011-11-02 06:32:04', 52, 54, 10, 8, 1, 9.35);
INSERT INTO `matches` VALUES(218, '2011-11-03 04:47:42', 68, 58, 11, 9, 1, 8.59);
INSERT INTO `matches` VALUES(219, '2011-11-03 08:16:50', 43, 47, 10, 8, 0, 10.46);
INSERT INTO `matches` VALUES(220, '2011-11-03 08:38:20', 46, 47, 10, 9, 0, 14.80);
INSERT INTO `matches` VALUES(221, '2011-11-03 08:49:13', 38, 39, 10, 5, 0, 10.58);
INSERT INTO `matches` VALUES(222, '2011-11-03 08:49:26', 38, 39, 10, 4, 0, 9.97);
INSERT INTO `matches` VALUES(223, '2011-11-03 08:50:32', 71, 72, 10, 5, 1, 10.00);
INSERT INTO `matches` VALUES(224, '2011-11-04 04:07:22', 45, 55, 10, 7, 0, 8.63);
INSERT INTO `matches` VALUES(225, '2011-11-04 05:01:17', 45, 64, 10, 4, 1, 9.83);
INSERT INTO `matches` VALUES(226, '2011-11-04 06:39:05', 45, 73, 10, 7, 1, 9.25);
INSERT INTO `matches` VALUES(227, '2011-11-04 08:02:08', 74, 57, 10, 8, 1, 11.03);
INSERT INTO `matches` VALUES(228, '2011-11-04 08:47:02', 74, 75, 10, 7, 1, 9.68);
INSERT INTO `matches` VALUES(229, '2011-11-04 08:56:24', 74, 75, 10, 4, 1, 9.13);
INSERT INTO `matches` VALUES(230, '2011-11-04 09:02:33', 74, 75, 10, 0, 1, 8.61);
INSERT INTO `matches` VALUES(231, '2011-11-04 09:21:18', 57, 74, 10, 7, 1, 10.39);
INSERT INTO `matches` VALUES(232, '2011-11-04 09:28:33', 57, 76, 10, 1, 1, 8.99);
INSERT INTO `matches` VALUES(233, '2011-11-04 09:37:31', 74, 76, 10, 0, 1, 8.94);
INSERT INTO `matches` VALUES(234, '2011-11-04 10:04:57', 39, 74, 10, 4, 1, 10.47);
INSERT INTO `matches` VALUES(235, '2011-11-04 10:05:54', 39, 57, 10, 2, 1, 10.37);
INSERT INTO `matches` VALUES(236, '2011-11-04 11:21:26', 62, 66, 7, 3, 0, 10.00);
INSERT INTO `matches` VALUES(237, '2011-11-04 11:21:47', 62, 56, 10, 2, 0, 9.71);
INSERT INTO `matches` VALUES(238, '2011-11-07 07:42:27', 52, 54, 10, 7, 1, 8.82);
INSERT INTO `matches` VALUES(239, '2011-11-07 08:50:26', 5, 6, 10, 8, 0, 11.81);
INSERT INTO `matches` VALUES(240, '2011-11-07 08:50:53', 5, 6, 10, 8, 0, 11.14);
INSERT INTO `matches` VALUES(241, '2011-11-07 09:07:31', 44, 43, 10, 8, 0, 15.16);
INSERT INTO `matches` VALUES(242, '2011-11-07 09:07:49', 43, 44, 10, 9, 0, 5.51);
INSERT INTO `matches` VALUES(243, '2011-11-08 06:25:33', 52, 54, 10, 7, 1, 8.32);
INSERT INTO `matches` VALUES(244, '2011-11-08 06:25:57', 52, 54, 10, 6, 1, 7.86);
INSERT INTO `matches` VALUES(245, '2011-11-08 06:26:21', 7, 42, 10, 7, 0, 9.53);
INSERT INTO `matches` VALUES(246, '2011-11-08 06:58:07', 52, 54, 10, 9, 1, 7.43);
INSERT INTO `matches` VALUES(247, '2011-11-08 11:37:58', 34, 40, 17, 15, 1, 9.95);
INSERT INTO `matches` VALUES(248, '2011-11-09 06:43:30', 45, 34, 12, 10, 1, 9.61);
INSERT INTO `matches` VALUES(249, '2011-11-09 09:31:46', 45, 58, 10, 5, 1, 7.34);
INSERT INTO `matches` VALUES(250, '2011-11-10 10:58:49', 45, 77, 7, 5, 1, 8.50);
INSERT INTO `matches` VALUES(251, '2011-11-10 14:18:51', 43, 44, 10, 8, 0, 5.26);
INSERT INTO `matches` VALUES(252, '2011-11-10 14:19:23', 43, 44, 10, 5, 0, 5.03);
INSERT INTO `matches` VALUES(253, '2011-11-11 05:43:39', 45, 61, 10, 7, 1, 8.52);
INSERT INTO `matches` VALUES(254, '2011-11-11 08:44:48', 68, 58, 10, 6, 1, 7.91);
INSERT INTO `matches` VALUES(255, '2011-11-11 08:45:20', 58, 68, 17, 15, 1, 12.52);
INSERT INTO `matches` VALUES(256, '2011-11-11 08:46:25', 68, 58, 10, 0, 1, 8.16);
INSERT INTO `matches` VALUES(257, '2011-11-11 09:35:29', 48, 60, 10, 7, 1, 9.43);
INSERT INTO `matches` VALUES(258, '2011-11-11 10:14:06', 2, 1, 10, 4, 0, 8.64);
INSERT INTO `matches` VALUES(259, '2011-11-14 06:01:08', 78, 33, 10, 4, 1, 8.79);
INSERT INTO `matches` VALUES(260, '2011-11-14 06:01:23', 78, 33, 10, 4, 1, 8.29);
INSERT INTO `matches` VALUES(261, '2011-11-14 06:01:39', 78, 33, 10, 6, 1, 7.83);
INSERT INTO `matches` VALUES(262, '2011-11-14 09:15:24', 39, 40, 7, 3, 1, 8.82);
INSERT INTO `matches` VALUES(263, '2011-11-15 06:25:33', 68, 35, 10, 5, 1, 7.70);
INSERT INTO `matches` VALUES(264, '2011-11-15 06:26:18', 68, 35, 11, 9, 1, 7.29);
INSERT INTO `matches` VALUES(265, '2011-11-16 08:37:30', 52, 58, 10, 6, 1, 5.50);
INSERT INTO `matches` VALUES(266, '2011-11-16 09:53:19', 57, 40, 10, 5, 1, 8.79);
INSERT INTO `matches` VALUES(267, '2011-11-16 09:55:08', 40, 79, 7, 4, 1, 10.50);
INSERT INTO `matches` VALUES(268, '2011-11-17 04:57:19', 44, 43, 10, 7, 0, 15.18);
INSERT INTO `matches` VALUES(269, '2011-11-17 06:35:32', 43, 44, 10, 7, 0, 5.49);
INSERT INTO `matches` VALUES(270, '2011-11-17 08:38:55', 45, 48, 10, 8, 0, 7.24);
INSERT INTO `matches` VALUES(271, '2011-11-18 05:17:10', 61, 44, 11, 9, 1, 10.27);
INSERT INTO `matches` VALUES(272, '2011-11-18 08:03:17', 48, 73, 10, 6, 1, 8.90);
INSERT INTO `matches` VALUES(273, '2011-11-21 05:23:50', 43, 44, 10, 9, 0, 5.24);
INSERT INTO `matches` VALUES(274, '2011-11-21 08:23:28', 65, 80, 10, 6, 1, 9.71);
INSERT INTO `matches` VALUES(275, '2011-11-21 10:25:07', 53, 81, 10, 4, 1, 10.24);
INSERT INTO `matches` VALUES(276, '2011-11-21 10:25:46', 32, 53, 10, 3, 1, 10.01);
INSERT INTO `matches` VALUES(277, '2011-11-21 10:26:14', 51, 32, 7, 5, 1, 10.62);
INSERT INTO `matches` VALUES(278, '2011-11-22 06:48:18', 48, 54, 7, 2, 1, 8.96);
INSERT INTO `matches` VALUES(279, '2011-11-23 09:54:15', 2, 4, 7, 3, 0, 8.79);
INSERT INTO `matches` VALUES(280, '2011-11-23 10:08:14', 3, 2, 7, 5, 0, 12.50);
INSERT INTO `matches` VALUES(281, '2011-11-23 10:34:43', 40, 39, 11, 9, 1, 11.63);
INSERT INTO `matches` VALUES(282, '2011-11-24 05:48:18', 45, 64, 10, 5, 1, 8.04);
INSERT INTO `matches` VALUES(283, '2011-11-24 08:19:00', 52, 58, 10, 7, 1, 5.25);
INSERT INTO `matches` VALUES(284, '2011-11-24 08:19:06', 52, 58, 11, 9, 1, 5.02);
INSERT INTO `matches` VALUES(285, '2011-11-24 09:15:25', 39, 82, 10, 2, 1, 8.89);
INSERT INTO `matches` VALUES(286, '2011-11-24 14:59:22', 2, 1, 10, 6, 0, 8.26);
INSERT INTO `matches` VALUES(287, '2011-11-25 04:55:50', 45, 66, 10, 3, 1, 7.54);
INSERT INTO `matches` VALUES(288, '2011-11-25 08:35:40', 1, 2, 9, 7, 0, 12.20);
INSERT INTO `matches` VALUES(289, '2011-11-28 05:51:12', 39, 83, 10, 0, 1, 8.64);
INSERT INTO `matches` VALUES(290, '2011-11-28 05:51:45', 39, 65, 10, 6, 1, 8.95);
INSERT INTO `matches` VALUES(291, '2011-11-28 09:46:57', 61, 45, 10, 7, 1, 12.10);
INSERT INTO `matches` VALUES(292, '2011-11-28 10:07:32', 61, 45, 10, 8, 1, 11.43);
INSERT INTO `matches` VALUES(293, '2011-11-29 05:04:49', 52, 54, 10, 6, 1, 6.40);
INSERT INTO `matches` VALUES(294, '2011-11-30 04:13:02', 2, 4, 10, 4, 0, 8.76);
INSERT INTO `matches` VALUES(295, '2011-11-30 06:21:59', 1, 2, 8, 6, 0, 11.76);
INSERT INTO `matches` VALUES(296, '2011-11-30 06:22:39', 84, 68, 10, 5, 1, 11.01);
INSERT INTO `matches` VALUES(297, '2011-11-30 09:52:25', 2, 1, 10, 4, 0, 8.90);
INSERT INTO `matches` VALUES(298, '2011-12-01 05:36:23', 85, 72, 10, 8, 1, 9.71);
INSERT INTO `matches` VALUES(299, '2011-12-01 05:37:22', 2, 1, 7, 5, 0, 8.40);
INSERT INTO `matches` VALUES(300, '2011-12-01 07:03:17', 2, 3, 7, 4, 0, 7.90);
INSERT INTO `matches` VALUES(301, '2011-12-01 09:10:45', 45, 55, 10, 1, 1, 7.96);
INSERT INTO `matches` VALUES(302, '2011-12-02 02:25:36', 2, 46, 10, 6, 0, 6.19);
INSERT INTO `matches` VALUES(303, '2011-12-02 07:56:13', 2, 1, 10, 4, 0, 7.55);
INSERT INTO `matches` VALUES(304, '2011-12-02 20:32:45', 46, 61, 10, 6, 1, 9.86);
INSERT INTO `matches` VALUES(305, '2011-12-02 20:33:41', 46, 39, 10, 4, 1, 10.46);
INSERT INTO `matches` VALUES(306, '2011-12-03 14:42:14', 39, 86, 13, 11, 1, 8.44);
INSERT INTO `matches` VALUES(307, '2011-12-05 10:30:40', 2, 1, 10, 3, 0, 7.14);
INSERT INTO `matches` VALUES(308, '2011-12-05 10:30:57', 2, 1, 10, 5, 0, 6.77);
INSERT INTO `matches` VALUES(309, '2011-12-06 05:10:36', 87, 33, 10, 7, 1, 8.09);
INSERT INTO `matches` VALUES(310, '2011-12-06 08:06:45', 39, 40, 10, 4, 1, 8.34);
INSERT INTO `matches` VALUES(311, '2011-12-07 05:31:48', 2, 1, 10, 7, 0, 6.42);
INSERT INTO `matches` VALUES(312, '2011-12-07 10:45:43', 61, 45, 11, 9, 1, 11.29);
INSERT INTO `matches` VALUES(313, '2011-12-08 08:53:02', 61, 45, 7, 4, 1, 10.64);
INSERT INTO `matches` VALUES(314, '2011-12-08 11:13:07', 2, 1, 10, 4, 0, 6.11);
INSERT INTO `matches` VALUES(315, '2011-12-09 10:37:48', 40, 39, 11, 9, 1, 12.13);
INSERT INTO `matches` VALUES(316, '2011-12-12 12:27:09', 45, 61, 10, 8, 1, 9.97);
INSERT INTO `matches` VALUES(317, '2011-12-12 15:21:40', 45, 61, 11, 9, 1, 9.40);
INSERT INTO `matches` VALUES(318, '2011-12-14 09:48:54', 61, 45, 10, 7, 1, 11.14);
INSERT INTO `matches` VALUES(319, '2011-12-14 11:20:20', 39, 40, 10, 3, 1, 8.55);
INSERT INTO `matches` VALUES(320, '2011-12-14 14:53:47', 45, 61, 12, 10, 1, 9.50);
INSERT INTO `matches` VALUES(321, '2011-12-15 02:34:03', 1, 3, 12, 10, 0, 10.72);
INSERT INTO `matches` VALUES(322, '2011-12-15 09:27:04', 48, 45, 10, 3, 0, 13.14);
INSERT INTO `matches` VALUES(323, '2011-12-15 10:54:44', 60, 88, 10, 1, 1, 10.27);
INSERT INTO `matches` VALUES(324, '2011-12-19 04:17:12', 45, 48, 10, 9, 0, 7.55);
INSERT INTO `matches` VALUES(325, '2012-01-11 04:30:41', 45, 61, 7, 5, 1, 8.95);
INSERT INTO `matches` VALUES(326, '2012-01-13 03:36:13', 48, 45, 10, 3, 0, 12.85);
INSERT INTO `matches` VALUES(327, '2012-01-17 07:28:11', 45, 48, 10, 6, 0, 7.84);
INSERT INTO `matches` VALUES(328, '2012-01-17 07:28:28', 45, 48, 10, 8, 0, 7.42);
INSERT INTO `matches` VALUES(329, '2012-01-17 08:22:14', 61, 45, 8, 6, 1, 11.55);
INSERT INTO `matches` VALUES(330, '2012-02-10 03:22:49', 43, 44, 10, 9, 0, 5.01);
INSERT INTO `matches` VALUES(331, '2012-02-29 04:04:37', 2, 1, 10, 7, 0, 6.07);
INSERT INTO `matches` VALUES(332, '2012-03-02 07:26:32', 2, 1, 10, 8, 0, 5.78);
INSERT INTO `matches` VALUES(333, '2012-03-02 08:47:07', 2, 1, 10, 7, 0, 5.51);
INSERT INTO `matches` VALUES(334, '2012-03-02 10:51:09', 48, 89, 10, 5, 1, 8.66);
INSERT INTO `matches` VALUES(335, '2012-03-02 10:53:46', 48, 90, 10, 7, 1, 8.41);
INSERT INTO `matches` VALUES(336, '2012-03-05 03:34:02', 2, 1, 7, 4, 0, 5.26);
INSERT INTO `matches` VALUES(337, '2012-03-07 07:02:03', 2, 1, 7, 5, 0, 5.03);
INSERT INTO `matches` VALUES(338, '2012-03-07 10:33:36', 2, 3, 7, 4, 0, 5.50);
INSERT INTO `matches` VALUES(339, '2012-03-07 11:20:57', 2, 1, 7, 4, 0, 4.70);
INSERT INTO `matches` VALUES(340, '2012-03-08 10:43:28', 45, 91, 11, 9, 1, 8.22);
INSERT INTO `matches` VALUES(341, '2012-03-09 08:05:38', 2, 1, 7, 2, 0, 4.51);
INSERT INTO `matches` VALUES(342, '2012-03-13 10:14:23', 1, 2, 7, 2, 0, 15.67);
INSERT INTO `matches` VALUES(343, '2012-03-14 10:32:02', 45, 61, 7, 4, 1, 8.87);
INSERT INTO `matches` VALUES(344, '2012-03-14 11:56:52', 1, 2, 10, 3, 0, 15.03);
INSERT INTO `matches` VALUES(345, '2012-03-19 08:16:15', 4, 1, 10, 5, 0, 8.96);
INSERT INTO `matches` VALUES(346, '2012-03-23 07:50:09', 2, 1, 10, 8, 0, 5.44);
INSERT INTO `matches` VALUES(347, '2012-03-23 07:50:40', 2, 1, 7, 5, 0, 5.19);
INSERT INTO `matches` VALUES(348, '2012-03-27 09:22:17', 2, 3, 7, 1, 0, 5.49);
INSERT INTO `matches` VALUES(349, '2012-03-28 12:53:59', 2, 3, 7, 5, 0, 5.25);
INSERT INTO `matches` VALUES(350, '2012-04-02 03:36:52', 39, 40, 10, 6, 1, 8.07);
INSERT INTO `matches` VALUES(351, '2012-04-02 08:25:32', 61, 45, 10, 6, 1, 11.63);
INSERT INTO `matches` VALUES(352, '2012-04-03 08:43:49', 60, 48, 10, 6, 1, 11.80);
INSERT INTO `matches` VALUES(366, '2012-04-10 14:53:14', 39, 40, 10, 5, 1, 7.63);
INSERT INTO `matches` VALUES(367, '2012-04-11 14:33:06', 45, 61, 10, 7, 1, 9.02);
INSERT INTO `matches` VALUES(368, '2012-04-11 16:31:11', 2, 1, 10, 6, 0, 5.40);
INSERT INTO `matches` VALUES(365, '2012-04-10 12:20:18', 1, 2, 10, 4, 0, 15.26);
INSERT INTO `matches` VALUES(369, '2012-04-12 12:10:01', 1, 2, 7, 5, 0, 14.84);
INSERT INTO `matches` VALUES(370, '2012-04-12 13:48:07', 45, 61, 10, 4, 1, 8.51);
INSERT INTO `matches` VALUES(371, '2012-04-12 15:18:37', 2, 3, 7, 5, 0, 5.57);
INSERT INTO `matches` VALUES(372, '2012-04-12 16:04:53', 1, 3, 10, 5, 0, 9.50);
INSERT INTO `matches` VALUES(373, '2012-04-12 16:35:42', 48, 103, 10, 8, 1, 8.51);
INSERT INTO `matches` VALUES(374, '2012-04-13 14:02:27', 39, 40, 10, 3, 1, 7.22);
INSERT INTO `matches` VALUES(375, '2012-04-14 11:49:41', 39, 91, 10, 5, 1, 7.22);
INSERT INTO `matches` VALUES(376, '2012-04-16 16:08:01', 1, 7, 10, 2, 0, 11.03);
INSERT INTO `matches` VALUES(377, '2012-04-16 16:51:23', 39, 57, 10, 7, 1, 8.42);
INSERT INTO `matches` VALUES(378, '2012-04-16 16:51:55', 39, 57, 10, 6, 1, 7.95);
INSERT INTO `matches` VALUES(379, '2012-04-17 14:39:16', 39, 57, 10, 6, 1, 7.51);
INSERT INTO `matches` VALUES(380, '2012-04-17 15:48:45', 2, 1, 10, 8, 0, 6.21);
INSERT INTO `matches` VALUES(381, '2012-04-18 10:24:04', 60, 48, 10, 7, 1, 11.38);
INSERT INTO `matches` VALUES(382, '2012-04-19 11:29:35', 1, 2, 10, 5, 0, 14.10);
INSERT INTO `matches` VALUES(383, '2012-04-20 13:39:02', 45, 61, 10, 8, 1, 8.04);
INSERT INTO `matches` VALUES(384, '2012-04-23 13:34:18', 45, 61, 10, 8, 1, 7.60);
INSERT INTO `matches` VALUES(385, '2012-04-23 16:19:53', 60, 48, 11, 9, 1, 10.73);
INSERT INTO `matches` VALUES(386, '2012-04-23 16:40:14', 3, 1, 10, 7, 0, 11.58);
INSERT INTO `matches` VALUES(387, '2012-04-24 10:58:45', 1, 2, 13, 11, 0, 13.69);
INSERT INTO `matches` VALUES(388, '2012-04-24 11:48:26', 2, 3, 10, 7, 0, 5.86);
INSERT INTO `matches` VALUES(389, '2012-04-24 16:04:56', 2, 1, 10, 6, 0, 6.86);
INSERT INTO `matches` VALUES(390, '2012-04-24 16:33:44', 3, 2, 7, 5, 0, 14.57);
INSERT INTO `matches` VALUES(391, '2012-04-25 11:54:26', 2, 3, 10, 7, 0, 6.12);
INSERT INTO `matches` VALUES(392, '2012-04-25 15:30:53', 1, 3, 10, 6, 0, 8.96);
INSERT INTO `matches` VALUES(393, '2012-04-26 10:30:23', 1, 3, 5, 1, 0, 8.45);
INSERT INTO `matches` VALUES(394, '2012-04-26 11:46:40', 2, 3, 10, 2, 0, 5.42);
INSERT INTO `matches` VALUES(395, '2012-04-26 11:46:54', 48, 104, 10, 5, 1, 8.89);
INSERT INTO `matches` VALUES(396, '2012-04-26 13:59:25', 1, 2, 10, 8, 0, 12.97);
INSERT INTO `matches` VALUES(397, '2012-04-26 15:47:05', 40, 39, 10, 7, 1, 13.94);
INSERT INTO `matches` VALUES(398, '2012-04-27 12:08:16', 56, 45, 10, 7, 1, 13.54);
INSERT INTO `matches` VALUES(399, '2012-04-27 12:08:30', 46, 47, 10, 5, 0, 14.27);
INSERT INTO `matches` VALUES(400, '2012-04-27 14:56:52', 48, 60, 10, 5, 1, 9.63);
INSERT INTO `matches` VALUES(401, '2012-04-27 14:57:10', 48, 60, 11, 9, 1, 9.08);
INSERT INTO `matches` VALUES(402, '2012-05-01 10:42:46', 1, 2, 8, 6, 0, 12.27);
INSERT INTO `matches` VALUES(403, '2012-05-03 10:25:55', 45, 71, 10, 3, 1, 7.80);
INSERT INTO `matches` VALUES(404, '2012-05-03 12:15:51', 47, 46, 10, 8, 0, 6.43);
INSERT INTO `matches` VALUES(405, '2012-05-03 13:51:12', 48, 84, 10, 3, 1, 8.42);
INSERT INTO `matches` VALUES(406, '2012-05-04 12:39:19', 1, 3, 12, 10, 0, 7.15);
INSERT INTO `matches` VALUES(407, '2012-05-07 16:30:18', 48, 84, 10, 3, 1, 7.95);
INSERT INTO `matches` VALUES(408, '2012-05-08 11:45:23', 1, 2, 10, 8, 0, 11.39);
INSERT INTO `matches` VALUES(409, '2012-05-08 15:03:30', 105, 48, 10, 7, 1, 12.33);
INSERT INTO `matches` VALUES(410, '2012-05-08 16:47:35', 1, 3, 8, 5, 0, 6.49);
INSERT INTO `matches` VALUES(411, '2012-05-08 17:19:03', 2, 1, 10, 4, 0, 9.44);
INSERT INTO `matches` VALUES(412, '2012-05-10 12:45:31', 45, 106, 10, 1, 1, 7.32);
INSERT INTO `matches` VALUES(413, '2012-05-10 15:43:09', 104, 85, 10, 4, 1, 10.53);
INSERT INTO `matches` VALUES(414, '2012-05-10 16:32:09', 2, 1, 7, 4, 0, 8.90);
INSERT INTO `matches` VALUES(415, '2012-05-11 12:24:08', 2, 3, 14, 12, 0, 5.28);
INSERT INTO `matches` VALUES(416, '2012-05-11 12:53:06', 65, 66, 10, 7, 1, 9.19);
INSERT INTO `matches` VALUES(417, '2012-05-14 13:58:11', 48, 104, 10, 6, 1, 8.05);
INSERT INTO `matches` VALUES(418, '2012-05-14 16:10:24', 2, 3, 7, 2, 0, 5.05);
INSERT INTO `matches` VALUES(419, '2012-05-16 13:00:06', 2, 1, 10, 4, 0, 8.11);
INSERT INTO `matches` VALUES(420, '2012-05-17 11:53:22', 2, 7, 7, 1, 0, 6.85);
INSERT INTO `matches` VALUES(421, '2012-05-17 15:21:09', 2, 1, 9, 7, 0, 7.48);
INSERT INTO `matches` VALUES(422, '2012-05-18 14:50:20', 107, 108, 10, 9, 1, 10.00);
INSERT INTO `matches` VALUES(423, '2012-05-21 16:10:45', 45, 61, 7, 5, 1, 7.15);
INSERT INTO `matches` VALUES(424, '2012-05-22 17:41:16', 2, 3, 7, 2, 0, 4.37);
INSERT INTO `matches` VALUES(425, '2012-05-22 17:41:55', 39, 40, 7, 5, 1, 6.76);
INSERT INTO `matches` VALUES(426, '2012-05-23 14:00:10', 2, 1, 7, 3, 0, 6.97);
INSERT INTO `matches` VALUES(427, '2012-05-25 09:23:34', 2, 3, 7, 3, 0, 4.07);
INSERT INTO `matches` VALUES(428, '2012-05-31 16:22:43', 45, 61, 7, 3, 1, 6.77);
INSERT INTO `matches` VALUES(429, '2012-05-31 18:42:11', 39, 40, 11, 9, 1, 6.41);
INSERT INTO `matches` VALUES(430, '2012-06-01 10:32:04', 1, 2, 7, 4, 0, 13.50);
INSERT INTO `matches` VALUES(431, '2012-06-01 14:04:32', 3, 1, 7, 4, 0, 13.62);
INSERT INTO `matches` VALUES(432, '2012-06-01 17:35:09', 61, 45, 10, 7, 1, 13.57);
INSERT INTO `matches` VALUES(433, '2012-06-19 14:45:18', 61, 45, 10, 7, 1, 12.87);
INSERT INTO `matches` VALUES(434, '2012-06-25 14:07:19', 45, 61, 10, 6, 1, 7.82);
INSERT INTO `matches` VALUES(435, '2012-09-12 11:21:01', 109, 89, 10, 6, 1, 9.75);
INSERT INTO `matches` VALUES(436, '2012-09-13 11:46:22', 89, 52, 10, 9, 1, 14.03);
INSERT INTO `matches` VALUES(437, '2012-09-25 13:03:26', 2, 3, 7, 5, 0, 4.44);
INSERT INTO `matches` VALUES(438, '2012-09-25 13:03:45', 2, 3, 7, 2, 0, 4.26);
INSERT INTO `matches` VALUES(439, '2012-09-25 13:03:55', 3, 2, 8, 6, 0, 15.90);
INSERT INTO `matches` VALUES(440, '2012-09-25 15:18:44', 2, 3, 7, 0, 0, 4.73);
INSERT INTO `matches` VALUES(441, '2012-09-26 14:18:05', 2, 3, 10, 5, 0, 4.54);
INSERT INTO `matches` VALUES(442, '2012-09-27 13:55:47', 2, 3, 7, 0, 0, 4.36);
INSERT INTO `matches` VALUES(443, '2012-09-27 15:38:52', 2, 3, 7, 4, 0, 4.19);
INSERT INTO `matches` VALUES(444, '2012-10-04 12:22:44', 3, 4, 7, 1, 0, 12.93);
INSERT INTO `matches` VALUES(445, '2012-10-04 12:23:01', 2, 3, 7, 3, 0, 4.27);
INSERT INTO `matches` VALUES(446, '2012-10-04 15:50:53', 3, 2, 8, 6, 0, 15.89);
INSERT INTO `matches` VALUES(447, '2012-10-04 15:51:05', 3, 2, 13, 11, 0, 15.26);
INSERT INTO `matches` VALUES(448, '2012-10-05 13:35:58', 2, 3, 14, 12, 0, 5.41);
INSERT INTO `matches` VALUES(449, '2012-10-17 10:27:00', 2, 3, 7, 3, 0, 5.16);
INSERT INTO `matches` VALUES(450, '2012-10-22 14:47:03', 2, 3, 7, 4, 0, 4.94);
INSERT INTO `matches` VALUES(451, '2012-10-24 14:28:08', 89, 109, 10, 5, 1, 10.41);
INSERT INTO `matches` VALUES(452, '2012-10-24 16:24:00', 2, 3, 11, 9, 0, 4.73);
INSERT INTO `matches` VALUES(453, '2012-10-25 11:24:14', 110, 111, 10, 2, 1, 10.00);
INSERT INTO `matches` VALUES(454, '2012-10-25 15:22:20', 2, 3, 10, 3, 0, 4.54);
INSERT INTO `matches` VALUES(455, '2012-10-25 16:20:09', 2, 3, 7, 3, 0, 4.36);
INSERT INTO `matches` VALUES(456, '2012-10-29 16:06:22', 2, 3, 10, 5, 0, 4.19);
INSERT INTO `matches` VALUES(457, '2012-10-31 12:09:23', 3, 2, 5, 2, 0, 15.97);
INSERT INTO `matches` VALUES(458, '2012-10-31 12:09:49', 48, 104, 10, 8, 1, 7.61);
INSERT INTO `matches` VALUES(459, '2012-11-01 13:30:56', 112, 111, 10, 9, 1, 9.71);
INSERT INTO `matches` VALUES(460, '2012-11-06 14:23:58', 3, 2, 7, 2, 0, 15.35);
INSERT INTO `matches` VALUES(461, '2012-11-07 09:40:16', 14, 80, 10, 8, 0, 10.00);
INSERT INTO `matches` VALUES(462, '2012-11-07 14:21:12', 112, 113, 10, 1, 1, 9.72);
INSERT INTO `matches` VALUES(463, '2012-11-07 14:21:41', 110, 114, 10, 9, 1, 9.71);
INSERT INTO `matches` VALUES(464, '2012-11-07 15:49:04', 2, 3, 7, 3, 0, 5.31);
INSERT INTO `matches` VALUES(465, '2012-11-14 10:12:30', 110, 114, 10, 8, 1, 9.16);
INSERT INTO `matches` VALUES(466, '2012-11-14 15:52:32', 2, 3, 10, 5, 0, 5.08);
INSERT INTO `matches` VALUES(467, '2012-11-15 11:12:47', 112, 113, 10, 2, 1, 9.16);
INSERT INTO `matches` VALUES(468, '2012-11-15 11:13:27', 112, 113, 10, 5, 1, 8.64);
INSERT INTO `matches` VALUES(469, '2012-11-16 14:51:24', 2, 3, 7, 3, 0, 4.86);
INSERT INTO `matches` VALUES(470, '2012-11-16 14:51:38', 2, 3, 10, 5, 0, 4.66);
INSERT INTO `matches` VALUES(471, '2012-11-22 16:10:04', 2, 3, 10, 8, 0, 4.47);
INSERT INTO `matches` VALUES(472, '2012-11-25 11:20:31', 2, 3, 12, 10, 0, 4.29);
INSERT INTO `matches` VALUES(473, '2012-11-25 12:29:48', 2, 3, 10, 6, 0, 4.13);
INSERT INTO `matches` VALUES(474, '2012-11-27 13:44:42', 110, 114, 10, 4, 1, 8.63);
INSERT INTO `matches` VALUES(475, '2012-11-27 13:45:17', 112, 113, 10, 3, 1, 8.16);
INSERT INTO `matches` VALUES(476, '2012-11-28 10:10:48', 115, 114, 10, 8, 1, 9.21);
INSERT INTO `matches` VALUES(477, '2012-11-30 11:55:11', 2, 3, 10, 6, 0, 3.98);
INSERT INTO `matches` VALUES(478, '2012-12-04 14:10:14', 110, 61, 10, 7, 1, 9.08);
INSERT INTO `matches` VALUES(479, '2012-12-05 10:42:22', 112, 113, 10, 4, 1, 7.71);
INSERT INTO `matches` VALUES(480, '2012-12-06 13:44:50', 2, 3, 10, 6, 0, 3.83);
INSERT INTO `matches` VALUES(481, '2012-12-10 12:19:03', 110, 114, 12, 10, 1, 7.65);
INSERT INTO `matches` VALUES(482, '2012-12-10 14:03:16', 2, 4, 10, 5, 0, 5.62);
INSERT INTO `matches` VALUES(483, '2012-12-10 16:48:51', 2, 3, 12, 10, 0, 3.60);
INSERT INTO `matches` VALUES(484, '2012-12-12 17:09:46', 61, 85, 12, 10, 1, 10.08);
INSERT INTO `matches` VALUES(485, '2012-12-12 20:23:28', 2, 3, 10, 8, 0, 3.48);
INSERT INTO `matches` VALUES(486, '2012-12-13 11:07:53', 45, 61, 10, 8, 1, 7.42);
INSERT INTO `matches` VALUES(487, '2012-12-15 15:58:06', 2, 3, 10, 8, 0, 3.37);
INSERT INTO `matches` VALUES(488, '2012-12-17 17:20:14', 112, 113, 10, 1, 1, 7.29);
INSERT INTO `matches` VALUES(489, '2012-12-17 17:20:39', 112, 113, 10, 6, 1, 6.91);
INSERT INTO `matches` VALUES(490, '2012-12-17 17:21:11', 112, 113, 10, 7, 1, 6.55);
INSERT INTO `matches` VALUES(491, '2012-12-18 14:23:35', 112, 113, 10, 8, 1, 6.22);
INSERT INTO `matches` VALUES(492, '2012-12-19 11:07:09', 6, 80, 10, 5, 0, 9.29);
INSERT INTO `matches` VALUES(493, '2013-01-16 22:10:09', 3, 2, 7, 4, 0, 16.74);
INSERT INTO `matches` VALUES(494, '2013-01-17 10:14:50', 2, 3, 10, 7, 0, 3.82);
INSERT INTO `matches` VALUES(495, '2013-01-18 14:27:44', 4, 2, 11, 9, 0, 14.58);
INSERT INTO `matches` VALUES(496, '2013-01-30 10:19:18', 2, 3, 10, 7, 0, 3.94);
INSERT INTO `matches` VALUES(497, '2013-02-14 12:58:02', 2, 3, 7, 3, 0, 3.80);
INSERT INTO `matches` VALUES(498, '2013-02-22 11:26:24', 3, 4, 10, 5, 0, 13.04);
INSERT INTO `matches` VALUES(499, '2013-02-28 14:19:21', 110, 114, 10, 7, 1, 7.24);
INSERT INTO `matches` VALUES(500, '2013-03-13 15:45:07', 3, 2, 7, 5, 0, 16.10);
INSERT INTO `matches` VALUES(501, '2013-03-14 15:19:14', 3, 2, 10, 8, 0, 15.49);
INSERT INTO `matches` VALUES(502, '2013-03-15 16:11:02', 39, 40, 10, 6, 1, 6.10);
INSERT INTO `matches` VALUES(503, '2013-03-15 16:11:43', 116, 103, 10, 5, 1, 9.76);
INSERT INTO `matches` VALUES(504, '2013-03-15 16:29:40', 117, 116, 10, 9, 1, 10.28);
INSERT INTO `matches` VALUES(505, '2013-03-26 15:05:22', 112, 113, 10, 1, 1, 5.92);
INSERT INTO `matches` VALUES(506, '2013-03-26 15:05:49', 112, 113, 10, 5, 1, 5.64);
INSERT INTO `matches` VALUES(507, '2013-03-26 15:33:26', 3, 2, 10, 8, 0, 14.83);
INSERT INTO `matches` VALUES(508, '2013-03-29 13:09:56', 2, 3, 10, 8, 0, 5.85);
INSERT INTO `matches` VALUES(509, '2013-04-02 14:01:05', 3, 2, 10, 6, 0, 14.43);
INSERT INTO `matches` VALUES(510, '2013-04-02 15:43:54', 2, 3, 7, 4, 0, 6.27);
INSERT INTO `matches` VALUES(511, '2013-04-02 19:40:33', 3, 2, 10, 8, 0, 14.04);
INSERT INTO `matches` VALUES(512, '2013-04-03 11:51:57', 2, 3, 10, 8, 0, 6.66);
INSERT INTO `matches` VALUES(513, '2013-04-03 14:08:21', 45, 61, 10, 6, 1, 7.03);
INSERT INTO `matches` VALUES(514, '2013-04-03 15:12:46', 2, 1, 7, 3, 0, 7.74);
INSERT INTO `matches` VALUES(515, '2013-04-03 19:36:18', 3, 2, 12, 10, 0, 13.87);
INSERT INTO `matches` VALUES(516, '2013-04-04 11:03:15', 2, 1, 7, 4, 0, 7.69);
INSERT INTO `matches` VALUES(517, '2013-04-04 16:18:41', 2, 1, 10, 4, 0, 7.28);
INSERT INTO `matches` VALUES(518, '2013-04-05 13:34:56', 3, 1, 10, 4, 0, 10.50);
INSERT INTO `matches` VALUES(519, '2013-04-09 15:18:21', 110, 114, 10, 9, 1, 6.86);
INSERT INTO `matches` VALUES(520, '2013-04-15 15:49:15', 3, 4, 10, 5, 0, 10.07);
INSERT INTO `matches` VALUES(521, '2013-04-17 15:54:29', 2, 3, 10, 4, 0, 6.97);
INSERT INTO `matches` VALUES(522, '2013-04-19 11:05:49', 61, 65, 10, 8, 1, 10.80);
INSERT INTO `matches` VALUES(523, '2013-04-22 15:09:32', 65, 61, 10, 8, 1, 9.82);
INSERT INTO `matches` VALUES(524, '2013-04-22 16:15:38', 3, 2, 10, 6, 0, 13.39);
INSERT INTO `matches` VALUES(525, '2013-04-24 15:34:36', 4, 3, 10, 3, 0, 10.70);
INSERT INTO `matches` VALUES(526, '2013-04-24 15:35:17', 4, 3, 10, 3, 0, 10.08);
INSERT INTO `matches` VALUES(527, '2013-04-24 15:52:34', 2, 3, 10, 7, 0, 6.77);
INSERT INTO `matches` VALUES(528, '2013-04-26 17:03:38', 3, 4, 10, 4, 0, 10.69);
INSERT INTO `matches` VALUES(529, '2013-05-02 09:32:32', 110, 111, 10, 7, 1, 7.52);
INSERT INTO `matches` VALUES(530, '2013-05-03 10:55:03', 4, 3, 10, 7, 0, 9.92);
INSERT INTO `matches` VALUES(531, '2013-05-09 16:12:25', 3, 2, 10, 3, 0, 13.56);
INSERT INTO `matches` VALUES(532, '2013-05-09 16:12:52', 2, 3, 10, 7, 0, 7.14);
INSERT INTO `matches` VALUES(533, '2013-05-14 14:55:59', 2, 3, 10, 3, 0, 6.77);
INSERT INTO `matches` VALUES(534, '2013-05-14 16:27:57', 2, 3, 10, 7, 0, 6.43);
INSERT INTO `matches` VALUES(535, '2013-05-14 17:41:09', 2, 3, 12, 10, 0, 6.11);
INSERT INTO `matches` VALUES(536, '2013-05-15 11:07:30', 40, 66, 10, 7, 1, 10.04);
INSERT INTO `matches` VALUES(537, '2013-05-15 15:22:31', 45, 61, 10, 5, 1, 6.69);
INSERT INTO `matches` VALUES(538, '2013-05-15 17:27:47', 43, 68, 10, 2, 0, 7.19);
INSERT INTO `matches` VALUES(539, '2013-05-16 13:43:43', 43, 68, 10, 4, 0, 6.82);
INSERT INTO `matches` VALUES(540, '2013-05-16 14:35:39', 48, 91, 13, 11, 1, 7.16);
INSERT INTO `matches` VALUES(541, '2013-05-17 13:15:35', 39, 40, 10, 7, 1, 6.04);
INSERT INTO `matches` VALUES(542, '2013-05-17 15:15:26', 65, 61, 12, 10, 1, 9.07);
INSERT INTO `matches` VALUES(543, '2013-05-20 21:41:46', 2, 3, 10, 7, 0, 5.81);
INSERT INTO `matches` VALUES(544, '2013-05-21 14:14:50', 110, 114, 10, 8, 1, 6.32);
INSERT INTO `matches` VALUES(545, '2013-05-21 17:02:14', 2, 3, 10, 8, 0, 5.54);
INSERT INTO `matches` VALUES(546, '2013-05-21 17:03:16', 61, 45, 10, 3, 1, 13.87);
INSERT INTO `matches` VALUES(547, '2013-05-21 17:03:46', 39, 40, 10, 7, 1, 5.75);
INSERT INTO `matches` VALUES(548, '2013-05-22 10:20:01', 2, 3, 10, 6, 0, 5.29);
INSERT INTO `matches` VALUES(549, '2013-05-22 12:50:16', 43, 68, 10, 8, 0, 6.47);
INSERT INTO `matches` VALUES(550, '2013-05-22 14:29:01', 43, 67, 10, 3, 0, 6.66);
INSERT INTO `matches` VALUES(556, '2013-05-24 10:57:26', 3, 2, 10, 3, 0, 15.39);
INSERT INTO `matches` VALUES(552, '2013-05-22 16:38:50', 2, 4, 10, 8, 0, 6.27);
INSERT INTO `matches` VALUES(553, '2013-05-22 20:29:37', 2, 4, 10, 7, 0, 5.96);
INSERT INTO `matches` VALUES(554, '2013-05-23 13:55:00', 107, 40, 10, 3, 1, 8.86);
INSERT INTO `matches` VALUES(555, '2013-05-23 16:55:24', 4, 3, 10, 8, 0, 8.86);
INSERT INTO `matches` VALUES(557, '2013-05-24 12:44:59', 2, 3, 10, 7, 0, 5.27);
INSERT INTO `matches` VALUES(558, '2013-05-24 14:27:03', 2, 3, 10, 8, 0, 5.04);
INSERT INTO `matches` VALUES(559, '2013-05-24 15:27:37', 2, 3, 10, 8, 0, 4.82);
INSERT INTO `matches` VALUES(560, '2013-05-24 16:43:33', 2, 3, 10, 7, 0, 4.62);
INSERT INTO `matches` VALUES(561, '2013-05-24 19:47:46', 2, 3, 10, 2, 0, 4.44);
INSERT INTO `matches` VALUES(562, '2013-05-24 19:48:01', 2, 3, 10, 8, 0, 4.26);
INSERT INTO `matches` VALUES(563, '2013-05-27 10:38:33', 52, 114, 11, 10, 1, 5.22);
INSERT INTO `matches` VALUES(564, '2013-05-28 10:06:32', 109, 89, 11, 9, 1, 10.19);
INSERT INTO `matches` VALUES(565, '2013-05-28 21:36:30', 3, 4, 10, 3, 0, 12.01);
INSERT INTO `matches` VALUES(566, '2013-05-29 10:43:54', 80, 6, 10, 9, 0, 11.24);
INSERT INTO `matches` VALUES(567, '2013-05-30 23:20:56', 2, 3, 10, 8, 0, 4.33);
INSERT INTO `matches` VALUES(568, '2013-05-31 11:09:57', 43, 68, 10, 3, 0, 5.98);
INSERT INTO `matches` VALUES(569, '2013-05-31 17:36:34', 61, 45, 10, 8, 1, 13.17);
INSERT INTO `matches` VALUES(570, '2013-06-01 14:09:45', 115, 113, 10, 2, 1, 7.44);
INSERT INTO `matches` VALUES(571, '2013-06-01 14:11:04', 115, 113, 10, 3, 1, 7.04);
INSERT INTO `matches` VALUES(572, '2013-06-01 14:11:42', 89, 52, 10, 5, 1, 13.46);
INSERT INTO `matches` VALUES(573, '2013-06-02 17:13:59', 61, 45, 10, 6, 1, 12.48);
INSERT INTO `matches` VALUES(574, '2013-06-02 20:06:49', 1, 14, 10, 6, 0, 10.91);
INSERT INTO `matches` VALUES(575, '2013-06-02 23:39:33', 40, 39, 10, 6, 1, 14.71);
INSERT INTO `matches` VALUES(576, '2013-06-04 15:39:28', 43, 68, 10, 4, 0, 5.70);
INSERT INTO `matches` VALUES(577, '2013-06-06 13:25:44', 43, 68, 10, 3, 0, 5.44);
INSERT INTO `matches` VALUES(578, '2013-06-07 14:14:37', 45, 61, 10, 8, 1, 8.21);
INSERT INTO `matches` VALUES(579, '2013-06-10 12:37:37', 2, 3, 10, 8, 0, 4.16);
INSERT INTO `matches` VALUES(580, '2013-06-10 13:01:50', 2, 3, 10, 7, 0, 4.01);
INSERT INTO `matches` VALUES(581, '2013-06-12 15:53:40', 2, 3, 10, 6, 0, 3.86);
INSERT INTO `matches` VALUES(582, '2013-06-19 13:38:26', 14, 80, 10, 6, 0, 9.79);
INSERT INTO `matches` VALUES(583, '2013-06-20 16:51:52', 110, 111, 10, 9, 1, 6.95);
INSERT INTO `matches` VALUES(584, '2013-06-28 08:54:50', 43, 68, 10, 3, 0, 5.19);
INSERT INTO `matches` VALUES(585, '2013-09-02 11:58:47', 2, 3, 10, 8, 0, 3.72);
INSERT INTO `matches` VALUES(586, '2013-09-02 13:50:37', 1, 4, 10, 8, 0, 9.70);
INSERT INTO `matches` VALUES(587, '2013-09-02 14:11:31', 48, 112, 10, 5, 1, 9.96);
INSERT INTO `matches` VALUES(588, '2013-09-05 10:00:45', 2, 3, 7, 1, 0, 3.60);
INSERT INTO `matches` VALUES(589, '2013-09-05 12:50:42', 2, 3, 10, 8, 0, 3.48);
INSERT INTO `matches` VALUES(590, '2013-09-06 11:57:53', 2, 3, 11, 9, 0, 3.36);
INSERT INTO `matches` VALUES(591, '2013-09-06 14:03:37', 2, 3, 10, 3, 0, 3.26);
INSERT INTO `matches` VALUES(592, '2013-09-06 14:35:24', 2, 3, 11, 9, 0, 3.15);
INSERT INTO `matches` VALUES(593, '2013-09-09 14:33:27', 2, 3, 10, 8, 0, 3.06);
INSERT INTO `matches` VALUES(594, '2013-09-10 12:24:47', 3, 2, 10, 8, 0, 17.03);
INSERT INTO `matches` VALUES(595, '2013-09-12 13:08:14', 2, 3, 10, 7, 0, 3.50);
INSERT INTO `matches` VALUES(596, '2013-09-12 14:40:02', 118, 119, 11, 9, 1, 10.00);
INSERT INTO `matches` VALUES(597, '2013-09-13 09:42:24', 2, 3, 10, 8, 0, 3.38);
INSERT INTO `matches` VALUES(598, '2013-09-13 16:35:11', 88, 1, 10, 8, 0, 9.97);
INSERT INTO `matches` VALUES(599, '2013-09-13 16:36:27', 120, 121, 10, 8, 1, 10.00);
INSERT INTO `matches` VALUES(600, '2013-09-13 16:37:03', 48, 120, 10, 6, 1, 7.38);
INSERT INTO `matches` VALUES(601, '2013-09-13 18:21:09', 122, 39, 10, 6, 1, 13.43);
INSERT INTO `matches` VALUES(602, '2013-09-13 18:35:54', 123, 124, 10, 8, 1, 10.00);
INSERT INTO `matches` VALUES(603, '2013-09-13 19:24:02', 43, 90, 10, 6, 0, 5.94);
INSERT INTO `matches` VALUES(604, '2013-09-13 19:43:42', 125, 39, 10, 8, 1, 13.09);
INSERT INTO `matches` VALUES(605, '2013-09-16 15:40:22', 1, 14, 10, 6, 0, 10.57);
INSERT INTO `matches` VALUES(606, '2013-09-17 12:24:18', 2, 3, 10, 6, 0, 3.28);
INSERT INTO `matches` VALUES(607, '2013-09-19 16:07:35', 2, 3, 10, 3, 0, 3.17);
INSERT INTO `matches` VALUES(608, '2013-09-23 14:12:16', 91, 92, 5, 3, 0, 10.00);
INSERT INTO `matches` VALUES(609, '2013-09-23 14:13:22', 2, 3, 10, 7, 0, 3.08);
INSERT INTO `matches` VALUES(610, '2013-09-23 15:12:26', 91, 92, 10, 8, 0, 9.42);
INSERT INTO `matches` VALUES(611, '2013-09-23 16:31:37', 48, 126, 10, 6, 1, 6.92);
INSERT INTO `matches` VALUES(612, '2013-09-23 16:32:03', 48, 126, 10, 5, 1, 6.57);
INSERT INTO `matches` VALUES(613, '2013-09-24 10:47:07', 2, 3, 10, 1, 0, 2.99);
INSERT INTO `matches` VALUES(614, '2013-09-24 10:47:24', 48, 127, 10, 3, 1, 6.58);
INSERT INTO `matches` VALUES(615, '2013-09-24 10:53:20', 91, 92, 10, 1, 0, 8.89);
INSERT INTO `matches` VALUES(616, '2013-09-25 15:15:30', 2, 3, 10, 4, 0, 2.90);
INSERT INTO `matches` VALUES(617, '2013-09-25 16:17:12', 3, 2, 10, 8, 0, 17.18);
INSERT INTO `matches` VALUES(618, '2013-09-26 15:50:38', 3, 2, 16, 14, 0, 16.67);
INSERT INTO `matches` VALUES(619, '2013-09-27 13:50:20', 39, 128, 10, 3, 1, 7.26);
INSERT INTO `matches` VALUES(620, '2013-09-27 16:00:42', 2, 91, 10, 1, 0, 6.21);
INSERT INTO `matches` VALUES(621, '2013-09-27 16:49:23', 89, 129, 10, 8, 1, 9.73);
INSERT INTO `matches` VALUES(622, '2013-09-30 14:46:17', 2, 3, 10, 7, 0, 3.79);
INSERT INTO `matches` VALUES(623, '2013-09-30 14:46:36', 2, 1, 10, 7, 0, 5.30);
INSERT INTO `matches` VALUES(624, '2013-09-30 15:27:31', 3, 1, 10, 5, 0, 12.19);
INSERT INTO `matches` VALUES(625, '2013-10-01 12:56:54', 45, 130, 10, 5, 1, 7.52);
INSERT INTO `matches` VALUES(626, '2013-10-01 21:10:28', 2, 3, 10, 5, 0, 3.78);
INSERT INTO `matches` VALUES(627, '2013-10-02 10:23:48', 2, 3, 10, 5, 0, 3.65);
INSERT INTO `matches` VALUES(628, '2013-10-02 10:24:33', 48, 127, 10, 3, 1, 6.25);
INSERT INTO `matches` VALUES(629, '2013-10-03 15:59:15', 2, 3, 10, 4, 0, 3.52);
INSERT INTO `matches` VALUES(630, '2013-10-04 12:10:58', 2, 3, 10, 7, 0, 3.41);
INSERT INTO `matches` VALUES(631, '2013-10-04 12:38:21', 131, 132, 10, 8, 1, 10.00);
INSERT INTO `matches` VALUES(632, '2013-10-04 12:38:38', 133, 134, 10, 9, 1, 10.00);
INSERT INTO `matches` VALUES(633, '2013-10-04 15:11:10', 45, 135, 11, 9, 1, 7.32);
INSERT INTO `matches` VALUES(634, '2013-10-04 15:20:16', 45, 126, 10, 5, 1, 6.77);
INSERT INTO `matches` VALUES(635, '2013-10-08 10:52:36', 1, 14, 10, 2, 0, 10.47);
INSERT INTO `matches` VALUES(636, '2013-10-08 11:16:53', 136, 134, 10, 7, 1, 9.71);
INSERT INTO `matches` VALUES(637, '2013-10-08 11:17:28', 137, 138, 10, 9, 1, 10.00);
INSERT INTO `matches` VALUES(638, '2013-10-08 13:00:49', 91, 92, 10, 6, 0, 8.56);
INSERT INTO `matches` VALUES(639, '2013-10-08 14:00:50', 98, 97, 10, 8, 0, 10.00);
INSERT INTO `matches` VALUES(640, '2013-10-08 14:51:42', 1, 14, 10, 7, 0, 9.87);
INSERT INTO `matches` VALUES(641, '2013-10-10 11:36:42', 134, 139, 10, 5, 1, 10.57);
INSERT INTO `matches` VALUES(642, '2013-10-10 11:36:59', 131, 132, 10, 7, 1, 9.42);
INSERT INTO `matches` VALUES(643, '2013-10-10 11:37:23', 137, 140, 10, 7, 1, 9.71);
INSERT INTO `matches` VALUES(644, '2013-10-10 12:44:16', 92, 91, 10, 9, 0, 11.92);
INSERT INTO `matches` VALUES(645, '2013-10-10 19:44:53', 98, 97, 10, 4, 0, 9.42);
INSERT INTO `matches` VALUES(646, '2013-10-10 19:45:09', 98, 97, 10, 7, 0, 8.89);
INSERT INTO `matches` VALUES(647, '2013-10-11 11:17:17', 1, 14, 10, 6, 0, 9.30);
INSERT INTO `matches` VALUES(648, '2013-10-11 11:55:08', 2, 3, 10, 8, 0, 3.30);
INSERT INTO `matches` VALUES(649, '2013-10-11 15:11:59', 141, 142, 10, 2, 1, 10.00);
INSERT INTO `matches` VALUES(650, '2013-10-11 15:59:01', 3, 1, 10, 8, 0, 12.81);
INSERT INTO `matches` VALUES(653, '2013-10-15 20:14:16', 45, 135, 10, 5, 1, 6.76);
INSERT INTO `matches` VALUES(652, '2013-10-15 13:05:22', 143, 145, 10, 4, 1, 10.00);
INSERT INTO `matches` VALUES(654, '2013-10-16 11:24:18', 3, 2, 10, 3, 0, 16.60);
INSERT INTO `matches` VALUES(655, '2013-10-16 11:37:07', 133, 138, 10, 9, 1, 9.42);
INSERT INTO `matches` VALUES(656, '2013-10-16 11:37:30', 146, 136, 10, 5, 1, 10.28);
INSERT INTO `matches` VALUES(657, '2013-10-16 12:26:36', 147, 131, 10, 9, 1, 10.56);
INSERT INTO `matches` VALUES(658, '2013-10-16 13:12:18', 2, 3, 10, 7, 0, 3.97);
INSERT INTO `matches` VALUES(659, '2013-10-17 12:01:37', 133, 134, 10, 5, 1, 9.18);
INSERT INTO `matches` VALUES(660, '2013-10-17 12:01:50', 146, 137, 10, 2, 1, 10.27);
INSERT INTO `matches` VALUES(661, '2013-10-17 12:02:07', 147, 131, 10, 8, 1, 9.95);
INSERT INTO `matches` VALUES(662, '2013-10-17 12:29:34', 146, 137, 10, 8, 1, 9.68);
INSERT INTO `matches` VALUES(663, '2013-10-17 12:29:49', 133, 134, 10, 7, 1, 8.66);
INSERT INTO `matches` VALUES(664, '2013-10-18 14:23:10', 2, 3, 10, 4, 0, 3.83);
INSERT INTO `matches` VALUES(665, '2013-10-18 15:18:02', 2, 1, 10, 5, 0, 4.97);
INSERT INTO `matches` VALUES(666, '2013-10-21 11:18:21', 2, 1, 6, 3, 0, 4.76);
INSERT INTO `matches` VALUES(667, '2013-10-21 11:47:43', 94, 98, 10, 8, 0, 10.81);
INSERT INTO `matches` VALUES(668, '2013-10-21 16:33:32', 148, 149, 10, 5, 1, 10.00);
INSERT INTO `matches` VALUES(669, '2013-10-21 16:34:09', 148, 149, 10, 7, 1, 9.42);
INSERT INTO `matches` VALUES(670, '2013-10-22 10:34:59', 94, 97, 10, 8, 0, 8.88);
INSERT INTO `matches` VALUES(671, '2013-10-22 10:35:13', 94, 99, 10, 8, 0, 9.43);
INSERT INTO `matches` VALUES(672, '2013-10-22 12:00:45', 94, 95, 10, 5, 0, 9.16);
INSERT INTO `matches` VALUES(673, '2013-10-22 12:30:34', 91, 92, 5, 2, 0, 8.75);
INSERT INTO `matches` VALUES(674, '2013-10-22 13:10:11', 2, 3, 10, 8, 0, 3.53);
INSERT INTO `matches` VALUES(675, '2013-10-22 13:11:01', 39, 150, 10, 2, 1, 7.06);
INSERT INTO `matches` VALUES(676, '2013-10-22 14:36:26', 134, 136, 10, 9, 1, 10.76);
INSERT INTO `matches` VALUES(677, '2013-10-23 10:21:03', 147, 131, 10, 7, 1, 9.38);
INSERT INTO `matches` VALUES(678, '2013-10-23 12:09:14', 3, 2, 10, 7, 0, 16.59);
INSERT INTO `matches` VALUES(679, '2013-10-23 12:12:27', 134, 151, 10, 2, 1, 10.47);
INSERT INTO `matches` VALUES(680, '2013-10-23 12:12:57', 146, 132, 10, 9, 1, 8.58);
INSERT INTO `matches` VALUES(681, '2013-10-23 12:27:20', 140, 147, 10, 5, 1, 11.13);
INSERT INTO `matches` VALUES(682, '2013-10-23 14:32:19', 3, 2, 10, 7, 0, 16.02);
INSERT INTO `matches` VALUES(683, '2013-10-23 19:17:14', 2, 3, 10, 5, 0, 4.60);
INSERT INTO `matches` VALUES(684, '2013-10-24 12:15:25', 48, 152, 11, 9, 1, 6.25);
INSERT INTO `matches` VALUES(685, '2013-10-24 12:31:22', 115, 114, 10, 0, 1, 7.37);
INSERT INTO `matches` VALUES(686, '2013-10-24 14:33:08', 153, 132, 10, 9, 1, 9.20);
INSERT INTO `matches` VALUES(687, '2013-10-25 12:34:09', 146, 132, 10, 4, 1, 7.85);
INSERT INTO `matches` VALUES(688, '2013-10-25 12:34:41', 151, 134, 10, 5, 1, 10.14);
INSERT INTO `matches` VALUES(689, '2013-10-25 15:30:25', 154, 141, 10, 9, 1, 10.29);
INSERT INTO `matches` VALUES(690, '2013-10-25 15:31:14', 98, 97, 10, 9, 0, 8.44);
INSERT INTO `matches` VALUES(691, '2013-10-25 15:41:52', 155, 132, 10, 6, 1, 8.71);
INSERT INTO `matches` VALUES(692, '2013-10-25 16:05:39', 156, 157, 10, 9, 1, 10.00);
INSERT INTO `matches` VALUES(693, '2013-10-25 16:33:27', 3, 88, 10, 3, 0, 11.50);
INSERT INTO `matches` VALUES(694, '2013-10-25 16:33:53', 88, 3, 10, 7, 0, 9.15);
INSERT INTO `matches` VALUES(695, '2013-10-25 16:56:22', 45, 91, 11, 9, 1, 6.20);
INSERT INTO `matches` VALUES(696, '2013-10-25 17:17:44', 91, 45, 10, 8, 1, 14.10);
INSERT INTO `matches` VALUES(697, '2013-10-25 17:33:25', 158, 159, 10, 8, 1, 10.00);
INSERT INTO `matches` VALUES(698, '2013-10-25 17:42:59', 158, 160, 10, 2, 1, 9.71);
INSERT INTO `matches` VALUES(699, '2013-10-25 18:46:54', 2, 1005, 11, 9, 0, 5.32);
INSERT INTO `matches` VALUES(700, '2013-10-28 10:04:55', 95, 99, 10, 4, 0, 9.99);
INSERT INTO `matches` VALUES(701, '2013-10-28 10:05:22', 146, 136, 10, 7, 1, 8.35);
INSERT INTO `matches` VALUES(702, '2013-10-28 16:41:22', 161, 162, 10, 6, 1, 10.00);
INSERT INTO `matches` VALUES(703, '2013-10-28 16:43:28', 98, 97, 10, 8, 0, 7.97);
INSERT INTO `matches` VALUES(704, '2013-10-28 17:23:33', 98, 97, 10, 3, 0, 7.53);
INSERT INTO `matches` VALUES(705, '2013-10-29 13:21:10', 2, 3, 7, 5, 0, 4.36);
INSERT INTO `matches` VALUES(706, '2013-10-29 14:12:04', 140, 153, 10, 4, 1, 10.22);
INSERT INTO `matches` VALUES(707, '2013-10-29 15:21:48', 3, 2, 10, 7, 0, 15.81);
INSERT INTO `matches` VALUES(708, '2013-10-29 15:41:28', 94, 98, 10, 4, 0, 10.09);
INSERT INTO `matches` VALUES(709, '2013-10-29 16:03:21', 139, 134, 10, 8, 1, 9.85);
INSERT INTO `matches` VALUES(710, '2013-10-29 17:18:51', 98, 97, 10, 8, 0, 7.40);
INSERT INTO `matches` VALUES(711, '2013-10-29 18:20:26', 2, 97, 10, 4, 0, 4.04);
INSERT INTO `matches` VALUES(712, '2013-10-30 11:54:54', 94, 95, 10, 5, 0, 8.64);
INSERT INTO `matches` VALUES(713, '2013-10-30 13:48:58', 151, 138, 10, 5, 1, 9.45);
INSERT INTO `matches` VALUES(714, '2013-10-30 14:19:36', 146, 142, 10, 6, 1, 8.15);
INSERT INTO `matches` VALUES(715, '2013-10-30 14:20:00', 153, 140, 10, 3, 1, 10.36);
INSERT INTO `matches` VALUES(716, '2013-10-30 16:04:22', 2, 3, 10, 8, 0, 4.74);
INSERT INTO `matches` VALUES(717, '2013-10-31 16:27:39', 39, 163, 10, 5, 1, 6.88);
INSERT INTO `matches` VALUES(718, '2013-10-31 16:43:01', 2, 3, 10, 5, 0, 4.55);
INSERT INTO `matches` VALUES(719, '2013-11-01 09:46:26', 94, 95, 10, 8, 0, 8.16);
INSERT INTO `matches` VALUES(720, '2013-11-01 12:31:26', 48, 126, 10, 5, 1, 5.62);
INSERT INTO `matches` VALUES(721, '2013-11-01 12:32:14', 48, 126, 10, 3, 1, 5.36);
INSERT INTO `matches` VALUES(722, '2013-11-01 14:03:58', 164, 114, 10, 8, 1, 7.81);
INSERT INTO `matches` VALUES(723, '2013-11-01 14:31:19', 165, 166, 10, 8, 1, 10.00);
INSERT INTO `matches` VALUES(724, '2013-11-01 14:38:01', 2, 88, 10, 3, 0, 5.33);
INSERT INTO `matches` VALUES(725, '2013-11-01 15:18:34', 48, 122, 11, 9, 1, 6.16);
INSERT INTO `matches` VALUES(726, '2013-11-01 15:59:08', 167, 168, 10, 2, 1, 10.00);
INSERT INTO `matches` VALUES(727, '2013-11-01 16:14:44', 167, 129, 10, 4, 1, 9.43);
INSERT INTO `matches` VALUES(728, '2013-11-01 17:20:16', 48, 50, 10, 6, 1, 5.93);
INSERT INTO `matches` VALUES(729, '2013-11-04 11:45:18', 131, 132, 10, 5, 1, 8.76);
INSERT INTO `matches` VALUES(730, '2013-11-04 12:00:10', 98, 97, 10, 9, 0, 6.90);
INSERT INTO `matches` VALUES(731, '2013-11-04 12:32:29', 151, 134, 10, 0, 1, 9.00);
INSERT INTO `matches` VALUES(732, '2013-11-04 12:33:01', 147, 140, 10, 3, 1, 9.50);
INSERT INTO `matches` VALUES(733, '2013-11-04 12:33:32', 132, 146, 10, 6, 1, 13.47);
INSERT INTO `matches` VALUES(734, '2013-11-04 14:24:26', 140, 153, 10, 9, 1, 10.50);
INSERT INTO `matches` VALUES(735, '2013-11-04 16:24:39', 39, 169, 10, 2, 1, 6.70);
INSERT INTO `matches` VALUES(736, '2013-11-04 16:46:07', 48, 170, 10, 8, 1, 5.55);
INSERT INTO `matches` VALUES(737, '2013-11-04 16:46:53', 45, 149, 13, 11, 1, 6.48);
INSERT INTO `matches` VALUES(738, '2013-11-04 17:09:28', 2, 1, 13, 11, 0, 4.81);
INSERT INTO `matches` VALUES(739, '2013-11-05 11:09:44', 2, 3, 10, 3, 0, 4.17);
INSERT INTO `matches` VALUES(740, '2013-11-05 11:10:16', 3, 2, 10, 4, 0, 15.99);
INSERT INTO `matches` VALUES(741, '2013-11-05 13:10:42', 96, 94, 10, 8, 0, 11.85);
INSERT INTO `matches` VALUES(742, '2013-11-05 14:51:00', 2, 3, 10, 8, 0, 4.64);
INSERT INTO `matches` VALUES(743, '2013-11-05 16:26:51', 48, 132, 10, 3, 1, 4.38);
INSERT INTO `matches` VALUES(744, '2013-11-05 16:30:53', 161, 162, 10, 4, 1, 9.42);
INSERT INTO `matches` VALUES(745, '2013-11-05 22:52:33', 91, 1008, 10, 4, 0, 9.21);
INSERT INTO `matches` VALUES(746, '2013-11-06 11:59:41', 98, 97, 10, 7, 0, 6.55);
INSERT INTO `matches` VALUES(747, '2013-11-06 12:40:30', 2, 3, 18, 16, 0, 4.45);
INSERT INTO `matches` VALUES(748, '2013-11-07 12:45:19', 2, 3, 10, 5, 0, 4.28);
INSERT INTO `matches` VALUES(749, '2013-11-08 12:11:46', 48, 134, 10, 3, 1, 4.58);
INSERT INTO `matches` VALUES(750, '2013-11-08 12:12:15', 171, 162, 10, 6, 1, 9.44);
INSERT INTO `matches` VALUES(751, '2013-11-08 12:12:44', 169, 149, 10, 8, 1, 9.45);
INSERT INTO `matches` VALUES(752, '2013-11-08 12:37:11', 133, 142, 10, 9, 1, 8.42);
INSERT INTO `matches` VALUES(753, '2013-11-08 12:37:54', 151, 136, 10, 7, 1, 8.92);
INSERT INTO `matches` VALUES(754, '2013-11-08 12:50:01', 48, 89, 10, 2, 1, 5.66);
INSERT INTO `matches` VALUES(755, '2013-11-08 14:46:09', 48, 132, 10, 1, 1, 4.02);
INSERT INTO `matches` VALUES(756, '2013-11-08 14:56:14', 48, 133, 10, 5, 1, 6.06);
INSERT INTO `matches` VALUES(757, '2013-11-08 15:06:48', 172, 124, 10, 4, 1, 9.71);
INSERT INTO `matches` VALUES(758, '2013-11-11 14:36:01', 153, 131, 10, 8, 1, 9.98);
INSERT INTO `matches` VALUES(759, '2013-11-11 15:05:58', 2, 3, 10, 8, 0, 4.11);
INSERT INTO `matches` VALUES(760, '2013-11-11 16:47:28', 139, 173, 10, 6, 1, 10.02);
INSERT INTO `matches` VALUES(761, '2013-11-11 16:48:10', 148, 149, 10, 6, 1, 8.44);
INSERT INTO `matches` VALUES(762, '2013-11-11 16:48:59', 48, 139, 10, 5, 1, 5.08);
INSERT INTO `matches` VALUES(763, '2013-11-11 17:03:14', 2, 98, 10, 1, 0, 6.00);
INSERT INTO `matches` VALUES(764, '2013-11-12 11:52:42', 138, 137, 10, 4, 1, 10.82);
INSERT INTO `matches` VALUES(765, '2013-11-12 11:53:12', 134, 136, 10, 3, 1, 10.31);
INSERT INTO `matches` VALUES(766, '2013-11-12 11:53:27', 131, 173, 10, 2, 1, 10.05);
INSERT INTO `matches` VALUES(767, '2013-11-12 14:04:11', 2, 3, 10, 1, 0, 3.85);
INSERT INTO `matches` VALUES(768, '2013-11-12 14:20:45', 3, 2, 10, 8, 0, 16.28);
INSERT INTO `matches` VALUES(769, '2013-11-12 14:54:00', 131, 173, 10, 8, 1, 9.47);
INSERT INTO `matches` VALUES(770, '2013-11-12 14:54:16', 134, 136, 10, 0, 1, 9.72);
INSERT INTO `matches` VALUES(771, '2013-11-12 14:54:44', 137, 138, 10, 8, 1, 9.80);
INSERT INTO `matches` VALUES(772, '2013-11-12 16:26:49', 48, 137, 10, 1, 1, 4.75);
INSERT INTO `matches` VALUES(773, '2013-11-12 16:29:06', 48, 131, 10, 3, 1, 4.84);
INSERT INTO `matches` VALUES(774, '2013-11-13 09:20:11', 137, 138, 10, 0, 1, 9.37);
INSERT INTO `matches` VALUES(775, '2013-11-13 10:11:04', 131, 151, 10, 5, 1, 10.69);
INSERT INTO `matches` VALUES(776, '2013-11-13 11:09:32', 3, 2, 10, 8, 0, 15.68);
INSERT INTO `matches` VALUES(777, '2013-11-13 12:32:54', 96, 98, 10, 5, 0, 10.99);
INSERT INTO `matches` VALUES(778, '2013-11-13 12:33:37', 140, 147, 10, 9, 1, 10.75);
INSERT INTO `matches` VALUES(779, '2013-11-13 12:34:36', 146, 132, 10, 8, 1, 7.01);
INSERT INTO `matches` VALUES(780, '2013-11-13 12:34:56', 151, 134, 10, 6, 1, 8.98);
INSERT INTO `matches` VALUES(781, '2013-11-13 14:00:58', 2, 3, 10, 8, 0, 4.96);
INSERT INTO `matches` VALUES(782, '2013-11-13 15:44:53', 2, 3, 10, 3, 0, 4.75);
INSERT INTO `matches` VALUES(783, '2013-11-13 15:45:05', 2, 3, 10, 7, 0, 4.55);
INSERT INTO `matches` VALUES(784, '2013-11-13 17:51:56', 2, 88, 10, 6, 0, 5.04);
INSERT INTO `matches` VALUES(785, '2013-11-14 13:22:40', 110, 114, 10, 7, 1, 5.37);
INSERT INTO `matches` VALUES(786, '2013-11-14 15:19:42', 39, 150, 12, 10, 1, 6.35);
INSERT INTO `matches` VALUES(787, '2013-11-14 15:20:34', 3, 1, 10, 1, 0, 10.41);
INSERT INTO `matches` VALUES(788, '2013-11-14 15:29:20', 2, 1, 12, 10, 0, 4.35);
INSERT INTO `matches` VALUES(789, '2013-11-15 09:43:20', 153, 131, 10, 8, 1, 10.14);
INSERT INTO `matches` VALUES(790, '2013-11-15 11:39:53', 48, 146, 10, 6, 1, 5.83);
INSERT INTO `matches` VALUES(791, '2013-11-15 12:42:31', 45, 130, 10, 3, 1, 6.62);
INSERT INTO `matches` VALUES(792, '2013-11-15 12:53:11', 2, 3, 10, 5, 0, 4.39);
INSERT INTO `matches` VALUES(793, '2013-11-15 13:55:36', 142, 137, 10, 9, 1, 10.86);
INSERT INTO `matches` VALUES(794, '2013-11-15 14:11:30', 133, 142, 10, 9, 1, 8.42);
INSERT INTO `matches` VALUES(795, '2013-11-15 14:22:45', 132, 133, 10, 9, 1, 13.13);
INSERT INTO `matches` VALUES(796, '2013-11-15 14:31:23', 147, 139, 10, 5, 1, 9.62);
INSERT INTO `matches` VALUES(797, '2013-11-15 14:58:48', 48, 151, 10, 5, 1, 4.99);
INSERT INTO `matches` VALUES(798, '2013-11-18 12:32:58', 134, 151, 10, 7, 1, 11.39);
INSERT INTO `matches` VALUES(799, '2013-11-18 15:56:01', 3, 2, 10, 8, 0, 15.78);
INSERT INTO `matches` VALUES(800, '2013-11-18 16:21:44', 153, 132, 10, 6, 1, 8.00);
INSERT INTO `matches` VALUES(801, '2013-11-18 17:02:48', 48, 132, 10, 2, 1, 3.31);
INSERT INTO `matches` VALUES(802, '2013-11-18 17:04:10', 148, 149, 12, 10, 1, 7.97);
INSERT INTO `matches` VALUES(803, '2013-11-19 11:22:16', 94, 99, 10, 2, 0, 7.94);
INSERT INTO `matches` VALUES(804, '2013-11-19 11:22:43', 151, 137, 10, 8, 1, 9.53);
INSERT INTO `matches` VALUES(805, '2013-11-19 11:38:03', 98, 96, 10, 5, 0, 9.64);
INSERT INTO `matches` VALUES(806, '2013-11-19 12:22:20', 147, 131, 10, 4, 1, 9.32);
INSERT INTO `matches` VALUES(807, '2013-11-19 12:33:38', 134, 133, 10, 7, 1, 11.48);
INSERT INTO `matches` VALUES(808, '2013-11-19 16:28:14', 48, 146, 10, 1, 1, 5.37);
INSERT INTO `matches` VALUES(809, '2013-11-19 16:29:02', 48, 126, 10, 7, 1, 3.63);
INSERT INTO `matches` VALUES(810, '2013-11-19 16:45:00', 2, 3, 10, 4, 0, 4.86);
INSERT INTO `matches` VALUES(811, '2013-11-20 15:22:44', 132, 136, 10, 5, 1, 10.40);
INSERT INTO `matches` VALUES(812, '2013-11-20 15:23:47', 136, 132, 10, 9, 1, 10.20);
INSERT INTO `matches` VALUES(813, '2013-11-20 15:39:38', 136, 132, 10, 8, 1, 9.61);
INSERT INTO `matches` VALUES(814, '2013-11-21 11:59:15', 97, 94, 10, 6, 0, 14.00);
INSERT INTO `matches` VALUES(815, '2013-11-21 11:59:52', 146, 132, 10, 5, 1, 6.74);
INSERT INTO `matches` VALUES(816, '2013-11-21 14:10:45', 48, 126, 10, 7, 1, 3.51);
INSERT INTO `matches` VALUES(817, '2013-11-21 15:03:17', 140, 147, 10, 7, 1, 10.67);
INSERT INTO `matches` VALUES(818, '2013-11-21 15:39:05', 142, 137, 10, 9, 1, 10.20);
INSERT INTO `matches` VALUES(819, '2013-11-21 15:39:50', 131, 151, 10, 7, 1, 10.70);
INSERT INTO `matches` VALUES(820, '2013-11-22 09:51:53', 2, 98, 10, 0, 0, 5.94);
INSERT INTO `matches` VALUES(821, '2013-11-22 12:34:20', 133, 134, 10, 7, 1, 9.17);
INSERT INTO `matches` VALUES(822, '2013-11-22 13:01:53', 2, 3, 10, 8, 0, 4.53);
INSERT INTO `matches` VALUES(823, '2013-11-22 15:13:21', 3, 68, 10, 4, 0, 9.27);
INSERT INTO `matches` VALUES(824, '2013-11-22 15:30:58', 2, 3, 10, 6, 0, 4.54);
INSERT INTO `matches` VALUES(825, '2013-11-22 17:40:13', 14, 1009, 10, 7, 0, 10.90);
INSERT INTO `matches` VALUES(826, '2013-11-22 20:16:08', 48, 91, 10, 6, 1, 3.79);
INSERT INTO `matches` VALUES(827, '2013-11-22 20:16:24', 48, 91, 12, 10, 1, 3.66);
INSERT INTO `matches` VALUES(828, '2013-11-25 09:02:01', 97, 99, 10, 9, 0, 11.28);
INSERT INTO `matches` VALUES(829, '2013-11-25 09:13:47', 94, 97, 10, 6, 0, 6.99);
INSERT INTO `matches` VALUES(830, '2013-11-25 12:15:14', 138, 132, 10, 8, 1, 8.81);
INSERT INTO `matches` VALUES(831, '2013-11-25 12:34:25', 139, 134, 9, 7, 1, 9.74);
INSERT INTO `matches` VALUES(832, '2013-11-25 14:22:13', 112, 126, 10, 6, 1, 6.68);
INSERT INTO `matches` VALUES(833, '2013-11-25 14:38:44', 48, 112, 10, 8, 1, 5.77);
INSERT INTO `matches` VALUES(834, '2013-11-26 11:37:22', 2, 3, 10, 3, 0, 4.36);
INSERT INTO `matches` VALUES(835, '2013-11-26 14:24:05', 48, 140, 10, 4, 1, 4.26);
INSERT INTO `matches` VALUES(836, '2013-11-26 16:02:30', 95, 99, 5, 4, 0, 9.35);
INSERT INTO `matches` VALUES(837, '2013-11-26 16:02:48', 95, 94, 5, 1, 0, 11.73);
INSERT INTO `matches` VALUES(838, '2013-11-26 16:06:31', 94, 99, 5, 1, 0, 7.45);
INSERT INTO `matches` VALUES(839, '2013-11-26 17:29:18', 2, 3, 10, 8, 0, 4.19);
INSERT INTO `matches` VALUES(840, '2013-11-27 08:28:56', 133, 140, 10, 5, 1, 9.62);
INSERT INTO `matches` VALUES(841, '2013-11-27 08:29:23', 146, 139, 10, 5, 1, 8.63);
INSERT INTO `matches` VALUES(842, '2013-11-27 11:51:00', 131, 153, 10, 8, 1, 10.63);
INSERT INTO `matches` VALUES(843, '2013-11-27 13:23:16', 149, 148, 10, 7, 1, 12.47);
INSERT INTO `matches` VALUES(844, '2013-11-27 16:41:50', 2, 98, 10, 2, 0, 5.26);
INSERT INTO `matches` VALUES(845, '2013-11-27 16:42:36', 48, 132, 10, 7, 1, 2.44);
INSERT INTO `matches` VALUES(846, '2013-11-28 14:06:43', 3, 2, 10, 3, 0, 16.07);
INSERT INTO `matches` VALUES(847, '2013-11-29 12:13:46', 133, 140, 10, 8, 1, 9.07);
INSERT INTO `matches` VALUES(848, '2013-11-29 12:33:03', 48, 89, 10, 8, 1, 3.94);
INSERT INTO `matches` VALUES(849, '2013-11-29 16:40:44', 2, 3, 10, 1, 0, 4.55);
INSERT INTO `matches` VALUES(850, '2013-11-29 22:44:59', 96, 99, 10, 5, 0, 8.05);
INSERT INTO `matches` VALUES(851, '2013-12-02 11:39:59', 98, 97, 10, 7, 0, 7.16);
INSERT INTO `matches` VALUES(852, '2013-12-02 12:20:12', 98, 94, 10, 8, 0, 10.26);
INSERT INTO `matches` VALUES(853, '2013-12-02 12:20:34', 140, 153, 10, 8, 1, 10.45);
INSERT INTO `matches` VALUES(854, '2013-12-02 15:56:50', 2, 3, 10, 4, 0, 4.37);
INSERT INTO `matches` VALUES(855, '2013-12-02 15:57:19', 48, 131, 10, 4, 1, 3.91);
INSERT INTO `matches` VALUES(856, '2013-12-03 08:30:45', 94, 98, 10, 2, 0, 10.33);
INSERT INTO `matches` VALUES(857, '2013-12-03 08:31:08', 98, 94, 10, 8, 0, 10.27);
INSERT INTO `matches` VALUES(858, '2013-12-03 15:33:23', 48, 134, 10, 7, 1, 3.17);
INSERT INTO `matches` VALUES(859, '2013-12-03 15:33:35', 2, 3, 10, 6, 0, 4.20);
INSERT INTO `matches` VALUES(860, '2013-12-03 19:18:06', 2, 1005, 10, 8, 0, 4.29);
INSERT INTO `matches` VALUES(861, '2013-12-03 19:18:46', 1005, 2, 10, 8, 0, 15.88);
INSERT INTO `matches` VALUES(862, '2013-12-04 13:06:04', 2, 3, 10, 5, 0, 4.26);
INSERT INTO `matches` VALUES(863, '2013-12-05 14:46:49', 1, 14, 10, 7, 0, 10.29);
INSERT INTO `matches` VALUES(864, '2013-12-05 15:06:07', 2, 3, 10, 5, 0, 4.10);
INSERT INTO `matches` VALUES(865, '2013-12-06 12:48:20', 48, 89, 10, 5, 1, 3.67);
INSERT INTO `matches` VALUES(866, '2013-12-06 14:57:36', 48, 126, 10, 1, 1, 2.77);
INSERT INTO `matches` VALUES(867, '2013-12-06 14:58:03', 2, 3, 10, 4, 0, 3.95);
INSERT INTO `matches` VALUES(868, '2013-12-06 23:24:28', 39, 174, 10, 0, 1, 6.37);
INSERT INTO `matches` VALUES(869, '2013-12-06 23:36:56', 39, 175, 10, 0, 1, 6.21);
INSERT INTO `matches` VALUES(870, '2013-12-06 23:53:05', 176, 149, 10, 4, 1, 8.87);
INSERT INTO `matches` VALUES(871, '2013-12-07 02:10:34', 39, 177, 10, 2, 1, 6.06);
INSERT INTO `matches` VALUES(872, '2013-12-09 14:42:22', 2, 3, 10, 7, 0, 3.81);
INSERT INTO `matches` VALUES(873, '2013-12-09 14:42:34', 2, 1005, 10, 7, 0, 4.43);
INSERT INTO `matches` VALUES(874, '2013-12-09 17:20:37', 2, 3, 10, 6, 0, 3.60);
INSERT INTO `matches` VALUES(875, '2013-12-10 14:32:13', 3, 2, 10, 6, 0, 16.52);
INSERT INTO `matches` VALUES(876, '2013-12-10 20:09:26', 2, 3, 11, 9, 0, 4.06);
INSERT INTO `matches` VALUES(877, '2013-12-11 10:55:25', 146, 142, 10, 5, 1, 7.88);
INSERT INTO `matches` VALUES(878, '2013-12-11 10:56:44', 151, 138, 10, 6, 1, 8.96);
INSERT INTO `matches` VALUES(879, '2013-12-11 10:57:22', 153, 140, 10, 7, 1, 10.15);
INSERT INTO `matches` VALUES(880, '2013-12-12 08:31:08', 94, 98, 9, 6, 0, 10.32);
INSERT INTO `matches` VALUES(881, '2013-12-12 08:31:25', 139, 147, 10, 9, 1, 10.86);
INSERT INTO `matches` VALUES(882, '2013-12-12 08:31:45', 151, 137, 10, 6, 1, 8.74);
INSERT INTO `matches` VALUES(883, '2013-12-12 08:32:46', 132, 133, 10, 9, 1, 13.86);
INSERT INTO `matches` VALUES(884, '2013-12-12 13:57:27', 3, 2, 10, 8, 0, 16.09);
INSERT INTO `matches` VALUES(885, '2013-12-12 16:33:34', 89, 48, 10, 5, 1, 16.50);
INSERT INTO `matches` VALUES(886, '2013-12-12 16:45:10', 3, 1005, 10, 9, 0, 10.33);
INSERT INTO `matches` VALUES(887, '2013-12-13 11:51:37', 98, 97, 10, 8, 0, 6.79);
INSERT INTO `matches` VALUES(888, '2013-12-13 13:34:01', 48, 146, 5, 1, 1, 5.02);
INSERT INTO `matches` VALUES(889, '2013-12-13 14:45:20', 48, 89, 10, 5, 1, 3.99);
INSERT INTO `matches` VALUES(890, '2013-12-13 15:08:22', 3, 1, 10, 5, 0, 9.40);
INSERT INTO `matches` VALUES(891, '2013-12-13 18:58:35', 128, 39, 10, 7, 1, 14.26);
INSERT INTO `matches` VALUES(892, '2013-12-14 15:47:08', 3, 2, 10, 5, 0, 15.07);
INSERT INTO `matches` VALUES(893, '2013-12-16 12:33:18', 133, 132, 10, 2, 1, 6.84);
INSERT INTO `matches` VALUES(894, '2013-12-16 12:34:15', 151, 137, 10, 8, 1, 8.25);
INSERT INTO `matches` VALUES(895, '2013-12-16 12:34:35', 147, 139, 10, 9, 1, 9.76);
INSERT INTO `matches` VALUES(896, '2013-12-16 15:36:17', 45, 135, 10, 2, 1, 6.28);
INSERT INTO `matches` VALUES(897, '2013-12-16 21:51:51', 2, 3, 10, 7, 0, 5.61);
INSERT INTO `matches` VALUES(898, '2013-12-17 09:30:13', 98, 97, 10, 6, 0, 6.44);
INSERT INTO `matches` VALUES(899, '2013-12-17 09:30:40', 139, 147, 10, 8, 1, 10.80);
INSERT INTO `matches` VALUES(900, '2013-12-17 09:31:04', 151, 137, 10, 8, 1, 7.79);
INSERT INTO `matches` VALUES(901, '2013-12-17 09:31:23', 133, 132, 10, 9, 1, 6.49);
INSERT INTO `matches` VALUES(902, '2013-12-17 16:31:32', 48, 132, 10, 3, 1, 2.27);
INSERT INTO `matches` VALUES(903, '2013-12-17 16:32:20', 161, 162, 10, 8, 1, 8.62);
INSERT INTO `matches` VALUES(904, '2013-12-17 16:32:34', 2, 3, 10, 5, 0, 5.35);
INSERT INTO `matches` VALUES(905, '2013-12-17 18:26:59', 133, 132, 10, 9, 1, 6.11);
INSERT INTO `matches` VALUES(906, '2013-12-17 18:27:33', 139, 147, 10, 6, 1, 10.18);
INSERT INTO `matches` VALUES(907, '2013-12-17 18:27:55', 151, 137, 10, 6, 1, 7.37);
INSERT INTO `matches` VALUES(908, '2013-12-17 18:30:58', 2, 98, 10, 4, 0, 6.02);
INSERT INTO `matches` VALUES(909, '2013-12-18 15:04:55', 45, 114, 10, 3, 1, 4.43);
INSERT INTO `matches` VALUES(910, '2013-12-19 17:42:40', 137, 151, 10, 6, 1, 13.02);
INSERT INTO `matches` VALUES(911, '2013-12-19 17:43:05', 133, 132, 10, 4, 1, 5.82);
INSERT INTO `matches` VALUES(912, '2013-12-19 17:43:36', 147, 139, 10, 8, 1, 10.41);
INSERT INTO `matches` VALUES(913, '2013-12-19 21:01:07', 2, 3, 10, 1, 0, 4.98);
INSERT INTO `matches` VALUES(914, '2013-12-19 21:01:21', 2, 3, 10, 6, 0, 4.77);
INSERT INTO `matches` VALUES(915, '2013-12-20 14:15:18', 2, 3, 10, 8, 0, 4.57);
INSERT INTO `matches` VALUES(916, '2013-12-20 14:20:47', 48, 178, 10, 1, 1, 3.49);
INSERT INTO `matches` VALUES(917, '2013-12-20 14:20:59', 48, 178, 10, 3, 1, 3.38);
INSERT INTO `matches` VALUES(918, '2013-12-20 17:32:51', 2, 3, 10, 6, 0, 4.39);
INSERT INTO `matches` VALUES(919, '2013-12-20 21:21:11', 2, 3, 10, 7, 0, 4.22);
INSERT INTO `matches` VALUES(920, '2013-12-21 16:50:19', 2, 3, 10, 7, 0, 4.06);
INSERT INTO `matches` VALUES(921, '2013-12-22 17:43:24', 2, 3, 10, 8, 0, 3.91);
INSERT INTO `matches` VALUES(922, '2013-12-23 00:21:19', 2, 3, 10, 8, 0, 3.77);
INSERT INTO `matches` VALUES(923, '2014-01-07 11:15:19', 45, 135, 10, 6, 1, 5.87);
INSERT INTO `matches` VALUES(924, '2014-01-07 16:23:47', 2, 3, 10, 4, 0, 3.64);
INSERT INTO `matches` VALUES(925, '2014-01-08 21:32:35', 2, 3, 10, 8, 0, 3.52);
INSERT INTO `matches` VALUES(926, '2014-01-09 14:51:31', 3, 2, 10, 8, 0, 16.60);
INSERT INTO `matches` VALUES(927, '2014-01-09 20:21:04', 2, 3, 10, 6, 0, 3.97);
INSERT INTO `matches` VALUES(928, '2014-01-10 14:12:34', 150, 89, 11, 9, 1, 10.91);
INSERT INTO `matches` VALUES(929, '2014-01-11 16:21:38', 2, 3, 10, 8, 0, 3.83);
INSERT INTO `matches` VALUES(930, '2014-01-11 21:03:36', 2, 3, 14, 12, 0, 3.70);
INSERT INTO `matches` VALUES(931, '2014-01-12 13:06:15', 39, 128, 10, 4, 1, 6.44);
INSERT INTO `matches` VALUES(932, '2014-01-12 15:53:32', 2, 3, 10, 8, 0, 3.57);
INSERT INTO `matches` VALUES(933, '2014-01-12 17:34:20', 2, 3, 13, 11, 0, 3.45);
INSERT INTO `matches` VALUES(934, '2014-01-12 20:20:57', 2, 3, 10, 6, 0, 3.34);
INSERT INTO `matches` VALUES(935, '2014-01-12 23:56:53', 3, 2, 10, 8, 0, 16.77);
INSERT INTO `matches` VALUES(936, '2014-01-13 01:40:42', 2, 3, 10, 5, 0, 3.79);
INSERT INTO `matches` VALUES(937, '2014-01-14 13:05:46', 133, 138, 10, 7, 1, 7.20);
INSERT INTO `matches` VALUES(938, '2014-01-17 12:05:52', 2, 1, 10, 5, 0, 3.49);
INSERT INTO `matches` VALUES(939, '2014-01-17 12:00:24', 3, 1, 10, 7, 0, 9.62);
INSERT INTO `matches` VALUES(940, '2014-01-22 10:46:21', 48, 89, 10, 4, 1, 3.50);
INSERT INTO `matches` VALUES(941, '2014-01-22 12:12:50', 39, 128, 10, 7, 1, 6.12);
INSERT INTO `matches` VALUES(942, '2014-01-22 16:01:01', 45, 135, 10, 8, 1, 5.59);
INSERT INTO `matches` VALUES(943, '2014-01-23 12:53:59', 39, 128, 10, 7, 1, 5.82);
INSERT INTO `matches` VALUES(944, '2014-01-23 14:14:39', 48, 137, 10, 3, 1, 2.65);
INSERT INTO `matches` VALUES(945, '2014-01-23 14:14:52', 48, 132, 10, 6, 1, 1.95);
INSERT INTO `matches` VALUES(946, '2014-01-23 14:15:19', 148, 149, 10, 8, 1, 7.97);
INSERT INTO `matches` VALUES(947, '2014-01-24 11:32:00', 45, 135, 10, 7, 1, 5.34);
INSERT INTO `matches` VALUES(948, '2014-01-24 13:00:17', 48, 89, 10, 6, 1, 3.31);
INSERT INTO `matches` VALUES(949, '2014-01-24 14:25:36', 39, 128, 10, 5, 1, 5.55);
INSERT INTO `matches` VALUES(950, '2014-01-26 16:05:14', 2, 3, 10, 7, 0, 3.77);
INSERT INTO `matches` VALUES(951, '2014-01-27 11:17:32', 2, 3, 10, 8, 0, 3.63);
INSERT INTO `matches` VALUES(952, '2014-01-27 16:10:55', 2, 3, 10, 8, 0, 3.51);
INSERT INTO `matches` VALUES(953, '2014-01-27 16:11:32', 48, 134, 10, 1, 1, 2.80);
INSERT INTO `matches` VALUES(954, '2014-01-27 16:12:19', 148, 149, 10, 3, 1, 7.53);
INSERT INTO `matches` VALUES(955, '2014-01-27 16:13:30', 161, 169, 12, 10, 1, 9.27);
INSERT INTO `matches` VALUES(956, '2014-01-28 16:21:45', 2, 3, 10, 5, 0, 3.40);
INSERT INTO `matches` VALUES(957, '2014-02-03 18:14:42', 1, 1014, 10, 3, 0, 11.22);
INSERT INTO `matches` VALUES(958, '2014-02-10 15:38:21', 2, 3, 10, 6, 0, 3.29);
INSERT INTO `matches` VALUES(959, '2014-02-11 10:39:16', 39, 179, 10, 6, 1, 5.69);
INSERT INTO `matches` VALUES(960, '2014-02-11 14:41:29', 45, 135, 10, 5, 1, 5.10);

-- --------------------------------------------------------

--
-- Table structure for table `memberof`
--

CREATE TABLE `memberof` (
  `playerID` int(11) NOT NULL,
  `teamID` int(11) NOT NULL
) ENGINE=MyISAM DEFAULT CHARSET=latin1 COLLATE=latin1_general_ci;

--
-- Dumping data for table `memberof`
--

INSERT INTO `memberof` VALUES(17, 54);
INSERT INTO `memberof` VALUES(7, 54);
INSERT INTO `memberof` VALUES(8, 53);
INSERT INTO `memberof` VALUES(7, 53);
INSERT INTO `memberof` VALUES(42, 52);
INSERT INTO `memberof` VALUES(6, 52);
INSERT INTO `memberof` VALUES(7, 51);
INSERT INTO `memberof` VALUES(2, 51);
INSERT INTO `memberof` VALUES(43, 50);
INSERT INTO `memberof` VALUES(53, 50);
INSERT INTO `memberof` VALUES(41, 49);
INSERT INTO `memberof` VALUES(1, 49);
INSERT INTO `memberof` VALUES(3, 48);
INSERT INTO `memberof` VALUES(2, 48);
INSERT INTO `memberof` VALUES(46, 47);
INSERT INTO `memberof` VALUES(44, 47);
INSERT INTO `memberof` VALUES(43, 46);
INSERT INTO `memberof` VALUES(47, 46);
INSERT INTO `memberof` VALUES(2, 45);
INSERT INTO `memberof` VALUES(1, 45);
INSERT INTO `memberof` VALUES(44, 44);
INSERT INTO `memberof` VALUES(43, 44);
INSERT INTO `memberof` VALUES(17, 43);
INSERT INTO `memberof` VALUES(1, 43);
INSERT INTO `memberof` VALUES(80, 112);
INSERT INTO `memberof` VALUES(1, 112);
INSERT INTO `memberof` VALUES(8, 41);
INSERT INTO `memberof` VALUES(5, 41);
INSERT INTO `memberof` VALUES(4, 40);
INSERT INTO `memberof` VALUES(2, 40);
INSERT INTO `memberof` VALUES(1, 39);
INSERT INTO `memberof` VALUES(3, 39);
INSERT INTO `memberof` VALUES(45, 38);
INSERT INTO `memberof` VALUES(43, 38);
INSERT INTO `memberof` VALUES(44, 37);
INSERT INTO `memberof` VALUES(47, 37);
INSERT INTO `memberof` VALUES(43, 36);
INSERT INTO `memberof` VALUES(46, 36);
INSERT INTO `memberof` VALUES(42, 35);
INSERT INTO `memberof` VALUES(5, 35);
INSERT INTO `memberof` VALUES(7, 34);
INSERT INTO `memberof` VALUES(6, 34);
INSERT INTO `memberof` VALUES(42, 33);
INSERT INTO `memberof` VALUES(7, 33);
INSERT INTO `memberof` VALUES(5, 32);
INSERT INTO `memberof` VALUES(6, 32);
INSERT INTO `memberof` VALUES(14, 24);
INSERT INTO `memberof` VALUES(16, 24);
INSERT INTO `memberof` VALUES(3, 55);
INSERT INTO `memberof` VALUES(41, 55);
INSERT INTO `memberof` VALUES(47, 56);
INSERT INTO `memberof` VALUES(46, 56);
INSERT INTO `memberof` VALUES(48, 57);
INSERT INTO `memberof` VALUES(45, 57);
INSERT INTO `memberof` VALUES(7, 58);
INSERT INTO `memberof` VALUES(5, 58);
INSERT INTO `memberof` VALUES(1, 59);
INSERT INTO `memberof` VALUES(54, 59);
INSERT INTO `memberof` VALUES(1, 60);
INSERT INTO `memberof` VALUES(4, 60);
INSERT INTO `memberof` VALUES(4, 61);
INSERT INTO `memberof` VALUES(3, 61);
INSERT INTO `memberof` VALUES(56, 62);
INSERT INTO `memberof` VALUES(43, 62);
INSERT INTO `memberof` VALUES(44, 63);
INSERT INTO `memberof` VALUES(55, 63);
INSERT INTO `memberof` VALUES(3, 64);
INSERT INTO `memberof` VALUES(17, 64);
INSERT INTO `memberof` VALUES(2, 65);
INSERT INTO `memberof` VALUES(38, 65);
INSERT INTO `memberof` VALUES(3, 66);
INSERT INTO `memberof` VALUES(39, 66);
INSERT INTO `memberof` VALUES(60, 67);
INSERT INTO `memberof` VALUES(45, 67);
INSERT INTO `memberof` VALUES(17, 68);
INSERT INTO `memberof` VALUES(6, 68);
INSERT INTO `memberof` VALUES(5, 69);
INSERT INTO `memberof` VALUES(17, 69);
INSERT INTO `memberof` VALUES(7, 70);
INSERT INTO `memberof` VALUES(38, 70);
INSERT INTO `memberof` VALUES(38, 71);
INSERT INTO `memberof` VALUES(39, 71);
INSERT INTO `memberof` VALUES(40, 72);
INSERT INTO `memberof` VALUES(61, 72);
INSERT INTO `memberof` VALUES(38, 73);
INSERT INTO `memberof` VALUES(40, 73);
INSERT INTO `memberof` VALUES(55, 74);
INSERT INTO `memberof` VALUES(62, 74);
INSERT INTO `memberof` VALUES(63, 75);
INSERT INTO `memberof` VALUES(64, 75);
INSERT INTO `memberof` VALUES(65, 76);
INSERT INTO `memberof` VALUES(60, 76);
INSERT INTO `memberof` VALUES(3, 77);
INSERT INTO `memberof` VALUES(64, 77);
INSERT INTO `memberof` VALUES(8, 78);
INSERT INTO `memberof` VALUES(6, 78);
INSERT INTO `memberof` VALUES(3, 79);
INSERT INTO `memberof` VALUES(42, 79);
INSERT INTO `memberof` VALUES(3, 80);
INSERT INTO `memberof` VALUES(40, 80);
INSERT INTO `memberof` VALUES(42, 81);
INSERT INTO `memberof` VALUES(17, 81);
INSERT INTO `memberof` VALUES(2, 82);
INSERT INTO `memberof` VALUES(41, 82);
INSERT INTO `memberof` VALUES(67, 83);
INSERT INTO `memberof` VALUES(5, 83);
INSERT INTO `memberof` VALUES(1, 84);
INSERT INTO `memberof` VALUES(7, 84);
INSERT INTO `memberof` VALUES(2, 85);
INSERT INTO `memberof` VALUES(39, 85);
INSERT INTO `memberof` VALUES(38, 86);
INSERT INTO `memberof` VALUES(48, 86);
INSERT INTO `memberof` VALUES(6, 87);
INSERT INTO `memberof` VALUES(4, 87);
INSERT INTO `memberof` VALUES(2, 88);
INSERT INTO `memberof` VALUES(54, 88);
INSERT INTO `memberof` VALUES(1, 89);
INSERT INTO `memberof` VALUES(14, 89);
INSERT INTO `memberof` VALUES(68, 90);
INSERT INTO `memberof` VALUES(46, 90);
INSERT INTO `memberof` VALUES(68, 91);
INSERT INTO `memberof` VALUES(43, 91);
INSERT INTO `memberof` VALUES(1, 103);
INSERT INTO `memberof` VALUES(77, 103);
INSERT INTO `memberof` VALUES(71, 93);
INSERT INTO `memberof` VALUES(71, 95);
INSERT INTO `memberof` VALUES(1, 104);
INSERT INTO `memberof` VALUES(38, 104);
INSERT INTO `memberof` VALUES(47, 105);
INSERT INTO `memberof` VALUES(48, 105);
INSERT INTO `memberof` VALUES(54, 106);
INSERT INTO `memberof` VALUES(17, 106);
INSERT INTO `memberof` VALUES(38, 107);
INSERT INTO `memberof` VALUES(3, 107);
INSERT INTO `memberof` VALUES(1, 108);
INSERT INTO `memberof` VALUES(40, 108);
INSERT INTO `memberof` VALUES(80, 109);
INSERT INTO `memberof` VALUES(6, 109);
INSERT INTO `memberof` VALUES(1, 110);
INSERT INTO `memberof` VALUES(42, 110);
INSERT INTO `memberof` VALUES(14, 111);
INSERT INTO `memberof` VALUES(6, 111);
INSERT INTO `memberof` VALUES(14, 113);
INSERT INTO `memberof` VALUES(42, 113);
INSERT INTO `memberof` VALUES(14, 114);
INSERT INTO `memberof` VALUES(80, 114);
INSERT INTO `memberof` VALUES(6, 115);
INSERT INTO `memberof` VALUES(1, 115);
INSERT INTO `memberof` VALUES(62, 116);
INSERT INTO `memberof` VALUES(3, 116);
INSERT INTO `memberof` VALUES(2, 117);
INSERT INTO `memberof` VALUES(53, 117);
INSERT INTO `memberof` VALUES(3, 118);
INSERT INTO `memberof` VALUES(86, 118);
INSERT INTO `memberof` VALUES(2, 119);
INSERT INTO `memberof` VALUES(87, 119);
INSERT INTO `memberof` VALUES(88, 120);
INSERT INTO `memberof` VALUES(1, 120);
INSERT INTO `memberof` VALUES(43, 121);
INSERT INTO `memberof` VALUES(89, 121);
INSERT INTO `memberof` VALUES(88, 122);
INSERT INTO `memberof` VALUES(43, 122);
INSERT INTO `memberof` VALUES(1, 123);
INSERT INTO `memberof` VALUES(43, 123);
INSERT INTO `memberof` VALUES(3, 124);
INSERT INTO `memberof` VALUES(88, 124);
INSERT INTO `memberof` VALUES(90, 125);
INSERT INTO `memberof` VALUES(43, 125);
INSERT INTO `memberof` VALUES(87, 126);
INSERT INTO `memberof` VALUES(82, 126);
INSERT INTO `memberof` VALUES(87, 127);
INSERT INTO `memberof` VALUES(86, 127);
INSERT INTO `memberof` VALUES(2, 128);
INSERT INTO `memberof` VALUES(14, 128);
INSERT INTO `memberof` VALUES(88, 129);
INSERT INTO `memberof` VALUES(93, 129);
INSERT INTO `memberof` VALUES(80, 130);
INSERT INTO `memberof` VALUES(3, 130);
INSERT INTO `memberof` VALUES(94, 131);
INSERT INTO `memberof` VALUES(95, 131);
INSERT INTO `memberof` VALUES(97, 132);
INSERT INTO `memberof` VALUES(98, 132);
INSERT INTO `memberof` VALUES(96, 133);
INSERT INTO `memberof` VALUES(95, 133);
INSERT INTO `memberof` VALUES(94, 134);
INSERT INTO `memberof` VALUES(97, 134);
INSERT INTO `memberof` VALUES(3, 135);
INSERT INTO `memberof` VALUES(14, 135);
INSERT INTO `memberof` VALUES(99, 136);
INSERT INTO `memberof` VALUES(95, 136);
INSERT INTO `memberof` VALUES(97, 137);
INSERT INTO `memberof` VALUES(95, 137);
INSERT INTO `memberof` VALUES(94, 138);
INSERT INTO `memberof` VALUES(99, 138);
INSERT INTO `memberof` VALUES(95, 139);
INSERT INTO `memberof` VALUES(98, 139);
INSERT INTO `memberof` VALUES(98, 140);
INSERT INTO `memberof` VALUES(94, 140);
INSERT INTO `memberof` VALUES(88, 141);
INSERT INTO `memberof` VALUES(97, 141);
INSERT INTO `memberof` VALUES(98, 142);
INSERT INTO `memberof` VALUES(99, 142);
INSERT INTO `memberof` VALUES(7, 143);
INSERT INTO `memberof` VALUES(3, 143);
INSERT INTO `memberof` VALUES(94, 146);
INSERT INTO `memberof` VALUES(96, 146);
INSERT INTO `memberof` VALUES(2, 145);
INSERT INTO `memberof` VALUES(6, 145);
INSERT INTO `memberof` VALUES(96, 147);
INSERT INTO `memberof` VALUES(97, 147);
INSERT INTO `memberof` VALUES(2, 148);
INSERT INTO `memberof` VALUES(98, 148);
INSERT INTO `memberof` VALUES(3, 149);
INSERT INTO `memberof` VALUES(97, 149);
INSERT INTO `memberof` VALUES(80, 150);
INSERT INTO `memberof` VALUES(2, 150);
INSERT INTO `memberof` VALUES(96, 151);
INSERT INTO `memberof` VALUES(98, 151);
INSERT INTO `memberof` VALUES(82, 152);
INSERT INTO `memberof` VALUES(99, 152);
INSERT INTO `memberof` VALUES(96, 153);
INSERT INTO `memberof` VALUES(99, 153);
INSERT INTO `memberof` VALUES(98, 154);
INSERT INTO `memberof` VALUES(1004, 154);
INSERT INTO `memberof` VALUES(88, 155);
INSERT INTO `memberof` VALUES(1004, 155);
INSERT INTO `memberof` VALUES(88, 156);
INSERT INTO `memberof` VALUES(98, 156);
INSERT INTO `memberof` VALUES(1004, 157);
INSERT INTO `memberof` VALUES(97, 157);
INSERT INTO `memberof` VALUES(1005, 158);
INSERT INTO `memberof` VALUES(1, 158);
INSERT INTO `memberof` VALUES(43, 159);
INSERT INTO `memberof` VALUES(2, 159);
INSERT INTO `memberof` VALUES(3, 160);
INSERT INTO `memberof` VALUES(46, 160);
INSERT INTO `memberof` VALUES(3, 161);
INSERT INTO `memberof` VALUES(98, 161);
INSERT INTO `memberof` VALUES(2, 162);
INSERT INTO `memberof` VALUES(97, 162);
INSERT INTO `memberof` VALUES(2, 163);
INSERT INTO `memberof` VALUES(89, 163);
INSERT INTO `memberof` VALUES(1, 164);
INSERT INTO `memberof` VALUES(5, 164);
INSERT INTO `memberof` VALUES(93, 165);
INSERT INTO `memberof` VALUES(3, 165);
INSERT INTO `memberof` VALUES(2, 166);
INSERT INTO `memberof` VALUES(5, 166);
INSERT INTO `memberof` VALUES(43, 167);
INSERT INTO `memberof` VALUES(3, 167);
INSERT INTO `memberof` VALUES(1006, 168);
INSERT INTO `memberof` VALUES(1007, 168);
INSERT INTO `memberof` VALUES(94, 169);
INSERT INTO `memberof` VALUES(2, 169);
INSERT INTO `memberof` VALUES(1, 170);
INSERT INTO `memberof` VALUES(97, 170);
INSERT INTO `memberof` VALUES(3, 171);
INSERT INTO `memberof` VALUES(94, 171);
INSERT INTO `memberof` VALUES(2, 172);
INSERT INTO `memberof` VALUES(96, 172);
INSERT INTO `memberof` VALUES(97, 173);
INSERT INTO `memberof` VALUES(99, 173);
INSERT INTO `memberof` VALUES(42, 174);
INSERT INTO `memberof` VALUES(1010, 174);
INSERT INTO `memberof` VALUES(1011, 175);
INSERT INTO `memberof` VALUES(95, 175);
INSERT INTO `memberof` VALUES(93, 176);
INSERT INTO `memberof` VALUES(1, 176);
INSERT INTO `memberof` VALUES(93, 177);
INSERT INTO `memberof` VALUES(82, 177);
INSERT INTO `memberof` VALUES(1013, 178);
INSERT INTO `memberof` VALUES(1012, 178);
INSERT INTO `memberof` VALUES(2, 179);
INSERT INTO `memberof` VALUES(77, 179);

-- --------------------------------------------------------

--
-- Table structure for table `players`
--

CREATE TABLE `players` (
  `playerID` int(11) NOT NULL AUTO_INCREMENT,
  `name` varchar(50) COLLATE latin1_general_ci NOT NULL,
  `ranking` double(11,2) NOT NULL DEFAULT '1500.00',
  `wins` int(11) NOT NULL,
  `losses` int(11) NOT NULL,
  PRIMARY KEY (`playerID`)
) ENGINE=MyISAM  DEFAULT CHARSET=latin1 COLLATE=latin1_general_ci AUTO_INCREMENT=1015 ;

--
-- Dumping data for table `players`
--

INSERT INTO `players` VALUES(1, 'Mikael Midt', 1468.54, 32, 51);
INSERT INTO `players` VALUES(2, 'Alex', 1761.34, 201, 53);
INSERT INTO `players` VALUES(41, 'Martin Srensen', 1500.00, 0, 0);
INSERT INTO `players` VALUES(3, 'Kim Ahlstrm', 1472.28, 50, 152);
INSERT INTO `players` VALUES(4, 'Rasmus Prentow', 1468.97, 7, 11);
INSERT INTO `players` VALUES(5, 'Henrik Klarup', 1497.02, 4, 5);
INSERT INTO `players` VALUES(6, 'Rasmus Aaen', 1512.64, 5, 3);
INSERT INTO `players` VALUES(7, 'Kasper A', 1488.72, 5, 6);
INSERT INTO `players` VALUES(8, 'Simon B', 1490.29, 0, 1);
INSERT INTO `players` VALUES(40, 'Esben', 1500.00, 0, 0);
INSERT INTO `players` VALUES(14, 'Jens Mohr', 1469.28, 3, 6);
INSERT INTO `players` VALUES(17, 'Lasse Rrbk', 1487.95, 0, 1);
INSERT INTO `players` VALUES(47, 'Frederik', 1571.29, 26, 8);
INSERT INTO `players` VALUES(46, 'Kenneth', 1428.67, 8, 26);
INSERT INTO `players` VALUES(44, 'Kasper Gadensgaard', 1399.72, 4, 23);
INSERT INTO `players` VALUES(43, 'Mathies', 1655.62, 30, 3);
INSERT INTO `players` VALUES(42, 'Kristian', 1471.05, 0, 3);
INSERT INTO `players` VALUES(39, 'Eiler', 1489.45, 1, 2);
INSERT INTO `players` VALUES(38, 'Bjarke', 1510.55, 2, 1);
INSERT INTO `players` VALUES(45, 'Torben Jensen', 1560.62, 14, 5);
INSERT INTO `players` VALUES(48, 'Heine Pedersen', 1453.96, 4, 11);
INSERT INTO `players` VALUES(49, 'Figa', 1500.00, 0, 0);
INSERT INTO `players` VALUES(53, 'Kermie', 1500.00, 0, 0);
INSERT INTO `players` VALUES(54, 'Henrik Koch', 1500.00, 0, 0);
INSERT INTO `players` VALUES(55, 'Heidi', 1491.37, 0, 1);
INSERT INTO `players` VALUES(56, 'Jeppe', 1490.29, 0, 1);
INSERT INTO `players` VALUES(57, 'Marius', 1500.00, 0, 0);
INSERT INTO `players` VALUES(58, 'Sam Olesen', 1500.00, 0, 0);
INSERT INTO `players` VALUES(60, 'Mikkel Follin', 1500.00, 0, 0);
INSERT INTO `players` VALUES(61, 'Magnus', 1500.00, 0, 0);
INSERT INTO `players` VALUES(62, 'Mikkel H S', 1519.71, 2, 0);
INSERT INTO `players` VALUES(63, 'Niels', 1500.00, 0, 0);
INSERT INTO `players` VALUES(64, 'Peter', 1500.00, 0, 0);
INSERT INTO `players` VALUES(65, 'Tommy', 1500.00, 0, 0);
INSERT INTO `players` VALUES(66, 'Jakob Errebo', 1490.00, 0, 1);
INSERT INTO `players` VALUES(67, 'Bo', 1493.34, 0, 1);
INSERT INTO `players` VALUES(68, 'Simlau', 1447.94, 0, 8);
INSERT INTO `players` VALUES(77, 'Jens M Lauridsen', 1500.00, 0, 0);
INSERT INTO `players` VALUES(80, 'Dan Stenholt Mller', 1482.16, 1, 3);
INSERT INTO `players` VALUES(82, 'Mikael EC', 1500.00, 0, 0);
INSERT INTO `players` VALUES(83, 'Dennis BN', 1500.00, 0, 0);
INSERT INTO `players` VALUES(85, 'Ticalie', 1500.00, 0, 0);
INSERT INTO `players` VALUES(86, 'bruno', 1500.00, 0, 0);
INSERT INTO `players` VALUES(87, 'mikkelsl', 1500.00, 0, 0);
INSERT INTO `players` VALUES(88, 'David J', 1497.25, 2, 3);
INSERT INTO `players` VALUES(89, 'Jonas Groth', 1500.00, 0, 0);
INSERT INTO `players` VALUES(90, 'Nis', 1494.06, 0, 1);
INSERT INTO `players` VALUES(91, 'Kasper Lind', 1536.70, 6, 2);
INSERT INTO `players` VALUES(92, 'Jonas Hansen', 1466.30, 1, 5);
INSERT INTO `players` VALUES(93, 'Morten B', 1500.00, 0, 0);
INSERT INTO `players` VALUES(94, 'Winde', 1550.09, 12, 5);
INSERT INTO `players` VALUES(95, 'Als', 1505.11, 3, 3);
INSERT INTO `players` VALUES(96, 'Dani', 1521.25, 3, 1);
INSERT INTO `players` VALUES(97, 'Hamun', 1411.88, 2, 15);
INSERT INTO `players` VALUES(98, 'Jesus', 1547.90, 15, 9);
INSERT INTO `players` VALUES(99, 'mikkelgn', 1436.51, 0, 7);
INSERT INTO `players` VALUES(1004, 'Alexander Draegert', 1500.00, 0, 0);
INSERT INTO `players` VALUES(1005, 'Marc', 1491.51, 1, 4);
INSERT INTO `players` VALUES(1006, 'sebastian w', 1500.00, 0, 0);
INSERT INTO `players` VALUES(1007, 'thalley', 1500.00, 0, 0);
INSERT INTO `players` VALUES(1008, 'Simon BS', 1490.79, 0, 1);
INSERT INTO `players` VALUES(1009, 'Lars Emil', 1489.10, 0, 1);
INSERT INTO `players` VALUES(1010, 'Giorgio Bacci', 1500.00, 0, 0);
INSERT INTO `players` VALUES(1011, 'Dennis J', 1500.00, 0, 0);
INSERT INTO `players` VALUES(1012, 'Laurynas Siksnys', 1500.00, 0, 0);
INSERT INTO `players` VALUES(1013, 'Saulius Samulevicius', 1500.00, 0, 0);
INSERT INTO `players` VALUES(1014, 'Elefsen', 1488.78, 0, 1);

-- --------------------------------------------------------

--
-- Table structure for table `teams`
--

CREATE TABLE `teams` (
  `teamID` int(11) NOT NULL AUTO_INCREMENT,
  `timeCreated` timestamp NOT NULL DEFAULT CURRENT_TIMESTAMP,
  `ranking` double(11,2) NOT NULL DEFAULT '1500.00',
  `wins` int(11) NOT NULL,
  `losses` int(11) NOT NULL,
  PRIMARY KEY (`teamID`)
) ENGINE=MyISAM  DEFAULT CHARSET=latin1 COLLATE=latin1_general_ci AUTO_INCREMENT=180 ;

--
-- Dumping data for table `teams`
--

INSERT INTO `teams` VALUES(54, '2011-09-30 06:59:31', 1486.45, 6, 8);
INSERT INTO `teams` VALUES(53, '2011-09-30 04:22:54', 1491.92, 2, 3);
INSERT INTO `teams` VALUES(52, '2011-09-30 04:22:54', 1607.76, 24, 7);
INSERT INTO `teams` VALUES(51, '2011-09-29 10:53:31', 1500.62, 1, 1);
INSERT INTO `teams` VALUES(50, '2011-09-29 10:53:31', 1504.07, 1, 1);
INSERT INTO `teams` VALUES(49, '2011-09-29 09:12:35', 1490.00, 0, 1);
INSERT INTO `teams` VALUES(48, '2011-09-29 09:12:35', 1790.91, 62, 5);
INSERT INTO `teams` VALUES(47, '2011-09-29 06:24:28', 1481.16, 0, 2);
INSERT INTO `teams` VALUES(46, '2011-09-29 06:24:28', 1559.61, 6, 0);
INSERT INTO `teams` VALUES(45, '2011-09-29 06:07:19', 1654.12, 47, 19);
INSERT INTO `teams` VALUES(44, '2011-09-29 06:07:19', 1499.73, 1, 1);
INSERT INTO `teams` VALUES(43, '2011-09-26 09:39:06', 1490.01, 0, 1);
INSERT INTO `teams` VALUES(112, '2012-11-01 08:30:56', 1582.58, 13, 2);
INSERT INTO `teams` VALUES(41, '2011-09-26 08:35:18', 1489.99, 0, 1);
INSERT INTO `teams` VALUES(40, '2011-09-26 07:10:09', 1475.94, 8, 15);
INSERT INTO `teams` VALUES(39, '2011-09-26 07:10:09', 1666.08, 36, 8);
INSERT INTO `teams` VALUES(38, '2011-09-26 06:16:47', 1510.29, 1, 0);
INSERT INTO `teams` VALUES(37, '2011-09-26 06:08:14', 1490.00, 0, 1);
INSERT INTO `teams` VALUES(36, '2011-09-26 06:08:14', 1510.00, 1, 0);
INSERT INTO `teams` VALUES(35, '2011-09-26 05:24:10', 1424.03, 0, 9);
INSERT INTO `teams` VALUES(34, '2011-09-26 05:24:10', 1512.42, 7, 5);
INSERT INTO `teams` VALUES(33, '2011-09-26 05:23:12', 1424.66, 1, 10);
INSERT INTO `teams` VALUES(32, '2011-09-26 05:23:12', 1500.93, 6, 5);
INSERT INTO `teams` VALUES(55, '2011-10-03 03:49:04', 1481.75, 0, 2);
INSERT INTO `teams` VALUES(56, '2011-10-03 04:35:50', 1486.34, 2, 4);
INSERT INTO `teams` VALUES(57, '2011-10-03 04:35:50', 1518.70, 10, 8);
INSERT INTO `teams` VALUES(58, '2011-10-03 06:57:12', 1423.58, 5, 17);
INSERT INTO `teams` VALUES(59, '2011-10-04 10:45:01', 1489.71, 0, 1);
INSERT INTO `teams` VALUES(60, '2011-10-04 10:45:36', 1516.04, 4, 3);
INSERT INTO `teams` VALUES(61, '2011-10-05 03:47:05', 1508.64, 17, 22);
INSERT INTO `teams` VALUES(62, '2011-10-07 12:24:15', 1490.02, 0, 1);
INSERT INTO `teams` VALUES(63, '2011-10-07 12:24:39', 1490.31, 1, 2);
INSERT INTO `teams` VALUES(64, '2011-10-18 05:01:52', 1492.47, 1, 2);
INSERT INTO `teams` VALUES(65, '2011-10-26 06:13:56', 1528.04, 5, 2);
INSERT INTO `teams` VALUES(66, '2011-10-26 06:13:56', 1463.23, 0, 4);
INSERT INTO `teams` VALUES(67, '2011-10-28 07:47:14', 1490.61, 0, 1);
INSERT INTO `teams` VALUES(68, '2011-10-31 10:50:07', 1524.25, 7, 3);
INSERT INTO `teams` VALUES(69, '2011-11-01 07:30:25', 1474.99, 0, 3);
INSERT INTO `teams` VALUES(70, '2011-11-01 10:38:44', 1490.29, 0, 1);
INSERT INTO `teams` VALUES(71, '2011-11-03 08:50:32', 1502.20, 1, 1);
INSERT INTO `teams` VALUES(72, '2011-11-03 08:50:32', 1480.29, 0, 2);
INSERT INTO `teams` VALUES(73, '2011-11-04 06:39:05', 1481.85, 0, 2);
INSERT INTO `teams` VALUES(74, '2011-11-04 08:02:08', 1526.53, 5, 2);
INSERT INTO `teams` VALUES(75, '2011-11-04 08:47:02', 1472.58, 0, 3);
INSERT INTO `teams` VALUES(76, '2011-11-04 09:28:33', 1482.07, 0, 2);
INSERT INTO `teams` VALUES(77, '2011-11-10 10:58:48', 1491.50, 0, 1);
INSERT INTO `teams` VALUES(78, '2011-11-14 06:01:08', 1524.91, 3, 0);
INSERT INTO `teams` VALUES(79, '2011-11-16 09:55:08', 1489.50, 0, 1);
INSERT INTO `teams` VALUES(80, '2011-11-21 08:23:28', 1490.29, 0, 1);
INSERT INTO `teams` VALUES(81, '2011-11-21 10:25:07', 1489.76, 0, 1);
INSERT INTO `teams` VALUES(82, '2011-11-24 09:15:25', 1491.11, 0, 1);
INSERT INTO `teams` VALUES(83, '2011-11-28 05:51:12', 1491.36, 0, 1);
INSERT INTO `teams` VALUES(84, '2011-11-30 06:22:39', 1494.64, 1, 2);
INSERT INTO `teams` VALUES(85, '2011-12-01 05:36:23', 1489.10, 1, 2);
INSERT INTO `teams` VALUES(86, '2011-12-03 14:42:14', 1491.56, 0, 1);
INSERT INTO `teams` VALUES(87, '2011-12-06 05:10:36', 1508.09, 1, 0);
INSERT INTO `teams` VALUES(88, '2011-12-15 10:54:44', 1489.73, 0, 1);
INSERT INTO `teams` VALUES(89, '2012-03-02 10:51:09', 1500.55, 5, 10);
INSERT INTO `teams` VALUES(90, '2012-03-02 10:53:46', 1491.59, 0, 1);
INSERT INTO `teams` VALUES(91, '2012-03-08 10:43:28', 1477.85, 1, 6);
INSERT INTO `teams` VALUES(103, '2012-04-12 10:35:42', 1481.73, 0, 2);
INSERT INTO `teams` VALUES(104, '2012-04-26 05:46:54', 1485.98, 1, 3);
INSERT INTO `teams` VALUES(105, '2012-05-08 09:03:30', 1512.33, 1, 0);
INSERT INTO `teams` VALUES(106, '2012-05-10 06:45:31', 1492.68, 0, 1);
INSERT INTO `teams` VALUES(107, '2012-05-18 08:50:20', 1518.86, 2, 0);
INSERT INTO `teams` VALUES(108, '2012-05-18 08:50:20', 1490.00, 0, 1);
INSERT INTO `teams` VALUES(109, '2012-09-12 05:21:01', 1509.53, 2, 1);
INSERT INTO `teams` VALUES(110, '2012-10-25 05:24:14', 1594.49, 12, 0);
INSERT INTO `teams` VALUES(111, '2012-10-25 05:24:14', 1465.82, 0, 4);
INSERT INTO `teams` VALUES(113, '2012-11-07 08:21:12', 1403.60, 0, 13);
INSERT INTO `teams` VALUES(114, '2012-11-07 08:21:41', 1405.02, 0, 13);
INSERT INTO `teams` VALUES(115, '2012-11-28 04:10:48', 1531.06, 4, 0);
INSERT INTO `teams` VALUES(116, '2013-03-15 11:11:43', 1499.48, 1, 1);
INSERT INTO `teams` VALUES(117, '2013-03-15 11:29:40', 1510.28, 1, 0);
INSERT INTO `teams` VALUES(118, '2013-09-12 08:40:02', 1510.00, 1, 0);
INSERT INTO `teams` VALUES(119, '2013-09-12 08:40:02', 1490.00, 0, 1);
INSERT INTO `teams` VALUES(120, '2013-09-13 10:36:27', 1502.62, 1, 1);
INSERT INTO `teams` VALUES(121, '2013-09-13 10:36:27', 1490.00, 0, 1);
INSERT INTO `teams` VALUES(122, '2013-09-13 12:21:09', 1507.27, 1, 1);
INSERT INTO `teams` VALUES(123, '2013-09-13 12:35:54', 1510.00, 1, 0);
INSERT INTO `teams` VALUES(124, '2013-09-13 12:35:54', 1480.29, 0, 2);
INSERT INTO `teams` VALUES(125, '2013-09-13 13:43:42', 1513.09, 1, 0);
INSERT INTO `teams` VALUES(126, '2013-09-23 10:31:37', 1452.17, 0, 9);
INSERT INTO `teams` VALUES(127, '2013-09-24 04:47:24', 1487.17, 0, 2);
INSERT INTO `teams` VALUES(128, '2013-09-27 07:50:20', 1483.07, 1, 5);
INSERT INTO `teams` VALUES(129, '2013-09-27 10:49:23', 1480.84, 0, 2);
INSERT INTO `teams` VALUES(130, '2013-10-01 06:56:54', 1485.86, 0, 2);
INSERT INTO `teams` VALUES(131, '2013-10-04 06:38:21', 1511.64, 8, 8);
INSERT INTO `teams` VALUES(132, '2013-10-04 06:38:21', 1394.34, 4, 23);
INSERT INTO `teams` VALUES(133, '2013-10-04 06:38:38', 1569.89, 14, 4);
INSERT INTO `teams` VALUES(134, '2013-10-04 06:38:38', 1469.72, 7, 13);
INSERT INTO `teams` VALUES(135, '2013-10-04 09:11:10', 1457.74, 0, 7);
INSERT INTO `teams` VALUES(136, '2013-10-08 05:16:53', 1460.78, 3, 7);
INSERT INTO `teams` VALUES(137, '2013-10-08 05:17:28', 1450.99, 5, 12);
INSERT INTO `teams` VALUES(138, '2013-10-08 05:17:28', 1455.43, 2, 7);
INSERT INTO `teams` VALUES(139, '2013-10-10 05:36:42', 1507.38, 6, 6);
INSERT INTO `teams` VALUES(140, '2013-10-10 05:37:23', 1501.05, 6, 7);
INSERT INTO `teams` VALUES(141, '2013-10-11 09:11:59', 1499.71, 1, 1);
INSERT INTO `teams` VALUES(142, '2013-10-11 09:11:59', 1478.19, 2, 5);
INSERT INTO `teams` VALUES(143, '2013-10-15 06:55:38', 1510.00, 1, 0);
INSERT INTO `teams` VALUES(146, '2013-10-16 05:37:30', 1563.73, 11, 4);
INSERT INTO `teams` VALUES(145, '2013-10-15 07:05:22', 1490.00, 0, 1);
INSERT INTO `teams` VALUES(147, '2013-10-16 06:26:36', 1514.11, 8, 6);
INSERT INTO `teams` VALUES(148, '2013-10-21 10:33:32', 1538.86, 6, 1);
INSERT INTO `teams` VALUES(149, '2013-10-21 10:33:32', 1436.34, 1, 9);
INSERT INTO `teams` VALUES(150, '2013-10-22 07:11:01', 1497.50, 1, 2);
INSERT INTO `teams` VALUES(151, '2013-10-23 06:12:27', 1535.87, 11, 6);
INSERT INTO `teams` VALUES(152, '2013-10-24 06:15:25', 1493.75, 0, 1);
INSERT INTO `teams` VALUES(153, '2013-10-24 08:33:08', 1516.03, 6, 4);
INSERT INTO `teams` VALUES(154, '2013-10-25 09:30:25', 1510.29, 1, 0);
INSERT INTO `teams` VALUES(155, '2013-10-25 09:41:52', 1508.71, 1, 0);
INSERT INTO `teams` VALUES(156, '2013-10-25 10:05:39', 1510.00, 1, 0);
INSERT INTO `teams` VALUES(157, '2013-10-25 10:05:39', 1490.00, 0, 1);
INSERT INTO `teams` VALUES(158, '2013-10-25 11:33:25', 1519.71, 2, 0);
INSERT INTO `teams` VALUES(159, '2013-10-25 11:33:25', 1490.00, 0, 1);
INSERT INTO `teams` VALUES(160, '2013-10-25 11:42:59', 1490.29, 0, 1);
INSERT INTO `teams` VALUES(161, '2013-10-28 11:41:22', 1537.31, 4, 0);
INSERT INTO `teams` VALUES(162, '2013-10-28 11:41:22', 1462.52, 0, 4);
INSERT INTO `teams` VALUES(163, '2013-10-31 11:27:39', 1493.12, 0, 1);
INSERT INTO `teams` VALUES(164, '2013-11-01 09:03:58', 1507.81, 1, 0);
INSERT INTO `teams` VALUES(165, '2013-11-01 09:31:19', 1510.00, 1, 0);
INSERT INTO `teams` VALUES(166, '2013-11-01 09:31:19', 1490.00, 0, 1);
INSERT INTO `teams` VALUES(167, '2013-11-01 10:59:08', 1519.43, 2, 0);
INSERT INTO `teams` VALUES(168, '2013-11-01 10:59:08', 1490.00, 0, 1);
INSERT INTO `teams` VALUES(169, '2013-11-04 10:24:39', 1493.48, 1, 2);
INSERT INTO `teams` VALUES(170, '2013-11-04 10:46:07', 1494.45, 0, 1);
INSERT INTO `teams` VALUES(171, '2013-11-08 06:12:15', 1509.44, 1, 0);
INSERT INTO `teams` VALUES(172, '2013-11-08 09:06:48', 1509.71, 1, 0);
INSERT INTO `teams` VALUES(173, '2013-11-11 10:47:28', 1470.46, 0, 3);
INSERT INTO `teams` VALUES(174, '2013-12-06 17:24:28', 1493.63, 0, 1);
INSERT INTO `teams` VALUES(175, '2013-12-06 17:36:56', 1493.79, 0, 1);
INSERT INTO `teams` VALUES(176, '2013-12-06 17:53:05', 1508.87, 1, 0);
INSERT INTO `teams` VALUES(177, '2013-12-06 20:10:34', 1493.94, 0, 1);
INSERT INTO `teams` VALUES(178, '2013-12-20 08:20:47', 1493.13, 0, 2);
INSERT INTO `teams` VALUES(179, '2014-02-11 04:39:16', 1494.31, 0, 1);
